Confirmed,Date,Deaths,NewCases,Recovered,State
1.0,2020-01-22,0.0,,0.0,Washington
1.0,2020-01-23,0.0,0.0,0.0,Washington
1.0,2020-01-24,0.0,0.0,0.0,Washington
1.0,2020-01-25,0.0,0.0,0.0,Washington
1.0,2020-01-26,0.0,0.0,0.0,Washington
1.0,2020-01-27,0.0,0.0,0.0,Washington
1.0,2020-01-28,0.0,0.0,0.0,Washington
1.0,2020-01-29,0.0,0.0,0.0,Washington
1.0,2020-01-30,0.0,0.0,0.0,Washington
1.0,2020-01-31,0.0,0.0,0.0,Washington
1.0,2020-02-01,0.0,0.0,0.0,Washington
1.0,2020-02-02,0.0,0.0,0.0,Washington
1.0,2020-02-03,0.0,0.0,0.0,Washington
1.0,2020-02-04,0.0,0.0,0.0,Washington
1.0,2020-02-05,0.0,0.0,0.0,Washington
1.0,2020-02-06,0.0,0.0,0.0,Washington
1.0,2020-02-07,0.0,0.0,0.0,Washington
1.0,2020-02-08,0.0,0.0,0.0,Washington
1.0,2020-02-09,0.0,0.0,1.0,Washington
1.0,2020-02-10,0.0,0.0,1.0,Washington
1.0,2020-02-11,0.0,0.0,1.0,Washington
1.0,2020-02-12,0.0,0.0,1.0,Washington
1.0,2020-02-13,0.0,0.0,1.0,Washington
1.0,2020-02-14,0.0,0.0,1.0,Washington
1.0,2020-02-15,0.0,0.0,1.0,Washington
1.0,2020-02-16,0.0,0.0,1.0,Washington
1.0,2020-02-17,0.0,0.0,1.0,Washington
1.0,2020-02-18,0.0,0.0,1.0,Washington
1.0,2020-02-19,0.0,0.0,1.0,Washington
1.0,2020-02-20,0.0,0.0,1.0,Washington
1.0,2020-02-21,0.0,0.0,1.0,Washington
1.0,2020-02-22,0.0,0.0,1.0,Washington
1.0,2020-02-23,0.0,0.0,1.0,Washington
1.0,2020-02-24,0.0,0.0,1.0,Washington
1.0,2020-02-25,0.0,0.0,1.0,Washington
1.0,2020-02-26,0.0,0.0,1.0,Washington
1.0,2020-02-27,0.0,0.0,1.0,Washington
1.0,2020-02-28,0.0,0.0,1.0,Washington
7.0,2020-02-29,1.0,6.0,1.0,Washington
11.0,2020-03-01,1.0,4.0,1.0,Washington
18.0,2020-03-02,6.0,7.0,1.0,Washington
27.0,2020-03-03,7.0,9.0,1.0,Washington
39.0,2020-03-04,10.0,12.0,1.0,Washington
70.0,2020-03-05,11.0,31.0,1.0,Washington
83.0,2020-03-06,13.0,13.0,1.0,Washington
107.0,2020-03-07,16.0,24.0,1.0,Washington
128.0,2020-03-08,18.0,21.0,1.0,Washington
128.0,2020-03-09,19.0,0.0,1.0,Washington
267.0,2020-03-10,23.0,139.0,1.0,Washington
366.0,2020-03-11,29.0,99.0,1.0,Washington
442.0,2020-03-12,31.0,76.0,1.0,Washington
568.0,2020-03-13,37.0,126.0,1.0,Washington
572.0,2020-03-14,37.0,4.0,1.0,Washington
643.0,2020-03-15,40.0,71.0,1.0,Washington
904.0,2020-03-16,48.0,261.0,1.0,Washington
1076.0,2020-03-17,55.0,172.0,1.0,Washington
1014.0,2020-03-18,55.0,0.0,0.0,Washington
1376.0,2020-03-19,74.0,362.0,0.0,Washington
1524.0,2020-03-20,83.0,148.0,0.0,Washington
1793.0,2020-03-21,94.0,269.0,0.0,Washington
1997.0,2020-03-22,97.0,204.0,0.0,Washington
2221.0,2020-03-23,109.0,224.0,0.0,Washington
2328.0,2020-03-24,116.0,107.0,0.0,Washington
2591.0,2020-03-25,133.0,263.0,0.0,Washington
3207.0,2020-03-26,150.0,616.0,0.0,Washington
3477.0,2020-03-27,157.0,270.0,0.0,Washington
4030.0,2020-03-28,188.0,553.0,0.0,Washington
4465.0,2020-03-29,198.0,435.0,0.0,Washington
4923.0,2020-03-30,205.0,458.0,0.0,Washington
5432.0,2020-03-31,225.0,509.0,0.0,Washington
5608.0,2020-04-01,234.0,176.0,0.0,Washington
6389.0,2020-04-02,271.0,781.0,0.0,Washington
6846.0,2020-04-03,291.0,457.0,0.0,Washington
7247.0,2020-04-04,315.0,401.0,0.0,Washington
7825.0,2020-04-05,336.0,578.0,0.0,Washington
8311.0,2020-04-06,381.0,486.0,0.0,Washington
8692.0,2020-04-07,400.0,381.0,0.0,Washington
9276.0,2020-04-08,426.0,584.0,0.0,Washington
9639.0,2020-04-09,456.0,363.0,0.0,Washington
1.0,2020-01-24,0.0,,0.0,Chicago
1.0,2020-01-25,0.0,,0.0,Illinois
1.0,2020-01-26,0.0,0.0,0.0,Illinois
1.0,2020-01-27,0.0,0.0,0.0,Illinois
1.0,2020-01-28,0.0,0.0,0.0,Illinois
1.0,2020-01-29,0.0,0.0,0.0,Illinois
1.0,2020-01-30,0.0,0.0,0.0,Illinois
2.0,2020-01-31,0.0,1.0,0.0,Illinois
2.0,2020-02-01,0.0,0.0,0.0,Illinois
2.0,2020-02-02,0.0,0.0,0.0,Illinois
2.0,2020-02-03,0.0,0.0,0.0,Illinois
2.0,2020-02-04,0.0,0.0,0.0,Illinois
2.0,2020-02-05,0.0,0.0,0.0,Illinois
2.0,2020-02-06,0.0,0.0,0.0,Illinois
2.0,2020-02-07,0.0,0.0,0.0,Illinois
2.0,2020-02-08,0.0,0.0,0.0,Illinois
2.0,2020-02-09,0.0,0.0,2.0,Illinois
2.0,2020-02-10,0.0,0.0,2.0,Illinois
2.0,2020-02-11,0.0,0.0,2.0,Illinois
2.0,2020-02-12,0.0,0.0,2.0,Illinois
2.0,2020-02-13,0.0,0.0,2.0,Illinois
2.0,2020-02-14,0.0,0.0,2.0,Illinois
2.0,2020-02-15,0.0,0.0,2.0,Illinois
2.0,2020-02-16,0.0,0.0,2.0,Illinois
2.0,2020-02-17,0.0,0.0,2.0,Illinois
2.0,2020-02-18,0.0,0.0,2.0,Illinois
2.0,2020-02-19,0.0,0.0,2.0,Illinois
2.0,2020-02-20,0.0,0.0,2.0,Illinois
2.0,2020-02-21,0.0,0.0,2.0,Illinois
2.0,2020-02-22,0.0,0.0,2.0,Illinois
2.0,2020-02-23,0.0,0.0,2.0,Illinois
2.0,2020-02-24,0.0,0.0,2.0,Illinois
2.0,2020-02-25,0.0,0.0,2.0,Illinois
2.0,2020-02-26,0.0,0.0,2.0,Illinois
2.0,2020-02-27,0.0,0.0,2.0,Illinois
2.0,2020-02-28,0.0,0.0,2.0,Illinois
2.0,2020-02-29,0.0,0.0,2.0,Illinois
3.0,2020-03-01,0.0,1.0,2.0,Illinois
4.0,2020-03-02,0.0,1.0,2.0,Illinois
4.0,2020-03-03,0.0,0.0,2.0,Illinois
4.0,2020-03-04,0.0,0.0,2.0,Illinois
5.0,2020-03-05,0.0,1.0,2.0,Illinois
5.0,2020-03-06,0.0,0.0,2.0,Illinois
6.0,2020-03-07,0.0,1.0,2.0,Illinois
7.0,2020-03-08,0.0,1.0,2.0,Illinois
7.0,2020-03-09,0.0,0.0,2.0,Illinois
12.0,2020-03-10,0.0,5.0,2.0,Illinois
25.0,2020-03-11,0.0,13.0,2.0,Illinois
32.0,2020-03-12,0.0,7.0,2.0,Illinois
46.0,2020-03-13,0.0,14.0,2.0,Illinois
64.0,2020-03-14,0.0,18.0,2.0,Illinois
93.0,2020-03-15,0.0,29.0,2.0,Illinois
105.0,2020-03-16,0.0,12.0,2.0,Illinois
161.0,2020-03-17,1.0,56.0,2.0,Illinois
162.0,2020-03-18,1.0,1.0,0.0,Illinois
422.0,2020-03-19,4.0,260.0,0.0,Illinois
585.0,2020-03-20,5.0,163.0,0.0,Illinois
753.0,2020-03-21,6.0,168.0,0.0,Illinois
1049.0,2020-03-22,9.0,296.0,0.0,Illinois
1285.0,2020-03-23,12.0,236.0,0.0,Illinois
1537.0,2020-03-24,16.0,252.0,0.0,Illinois
1865.0,2020-03-25,19.0,328.0,0.0,Illinois
2538.0,2020-03-26,26.0,673.0,0.0,Illinois
3024.0,2020-03-27,34.0,486.0,0.0,Illinois
3491.0,2020-03-28,47.0,467.0,0.0,Illinois
4596.0,2020-03-29,66.0,1105.0,0.0,Illinois
5056.0,2020-03-30,73.0,460.0,0.0,Illinois
5994.0,2020-03-31,99.0,938.0,0.0,Illinois
6980.0,2020-04-01,141.0,986.0,0.0,Illinois
7695.0,2020-04-02,163.0,715.0,0.0,Illinois
8904.0,2020-04-03,210.0,1209.0,0.0,Illinois
10357.0,2020-04-04,244.0,1453.0,0.0,Illinois
11259.0,2020-04-05,274.0,902.0,0.0,Illinois
12262.0,2020-04-06,307.0,1003.0,0.0,Illinois
12271.0,2020-04-07,308.0,9.0,0.0,Illinois
15078.0,2020-04-08,462.0,2807.0,0.0,Illinois
15079.0,2020-04-09,462.0,1.0,0.0,Illinois
1.0,2020-01-26,0.0,,0.0,Arizona
1.0,2020-01-27,0.0,0.0,0.0,Arizona
1.0,2020-01-28,0.0,0.0,0.0,Arizona
1.0,2020-01-29,0.0,0.0,0.0,Arizona
1.0,2020-01-30,0.0,0.0,0.0,Arizona
1.0,2020-01-31,0.0,0.0,0.0,Arizona
1.0,2020-02-01,0.0,0.0,0.0,Arizona
1.0,2020-02-02,0.0,0.0,0.0,Arizona
1.0,2020-02-03,0.0,0.0,0.0,Arizona
1.0,2020-02-04,0.0,0.0,0.0,Arizona
1.0,2020-02-05,0.0,0.0,0.0,Arizona
1.0,2020-02-06,0.0,0.0,0.0,Arizona
1.0,2020-02-07,0.0,0.0,0.0,Arizona
1.0,2020-02-08,0.0,0.0,0.0,Arizona
1.0,2020-02-09,0.0,0.0,0.0,Arizona
1.0,2020-02-10,0.0,0.0,0.0,Arizona
1.0,2020-02-11,0.0,0.0,0.0,Arizona
1.0,2020-02-12,0.0,0.0,0.0,Arizona
1.0,2020-02-13,0.0,0.0,0.0,Arizona
1.0,2020-02-14,0.0,0.0,0.0,Arizona
1.0,2020-02-15,0.0,0.0,0.0,Arizona
1.0,2020-02-16,0.0,0.0,0.0,Arizona
1.0,2020-02-17,0.0,0.0,0.0,Arizona
1.0,2020-02-18,0.0,0.0,0.0,Arizona
1.0,2020-02-19,0.0,0.0,0.0,Arizona
1.0,2020-02-20,0.0,0.0,0.0,Arizona
1.0,2020-02-21,0.0,0.0,0.0,Arizona
1.0,2020-02-22,0.0,0.0,0.0,Arizona
1.0,2020-02-23,0.0,0.0,0.0,Arizona
1.0,2020-02-24,0.0,0.0,0.0,Arizona
1.0,2020-02-25,0.0,0.0,1.0,Arizona
1.0,2020-02-26,0.0,0.0,1.0,Arizona
1.0,2020-02-27,0.0,0.0,1.0,Arizona
1.0,2020-02-28,0.0,0.0,1.0,Arizona
1.0,2020-02-29,0.0,0.0,1.0,Arizona
1.0,2020-03-01,0.0,0.0,1.0,Arizona
1.0,2020-03-02,0.0,0.0,1.0,Arizona
2.0,2020-03-03,0.0,1.0,1.0,Arizona
2.0,2020-03-04,0.0,0.0,1.0,Arizona
2.0,2020-03-05,0.0,0.0,1.0,Arizona
3.0,2020-03-06,0.0,1.0,1.0,Arizona
5.0,2020-03-07,0.0,2.0,1.0,Arizona
5.0,2020-03-08,0.0,0.0,1.0,Arizona
5.0,2020-03-09,0.0,0.0,1.0,Arizona
6.0,2020-03-10,0.0,1.0,1.0,Arizona
9.0,2020-03-11,0.0,3.0,1.0,Arizona
9.0,2020-03-12,0.0,0.0,1.0,Arizona
9.0,2020-03-13,0.0,0.0,1.0,Arizona
12.0,2020-03-14,0.0,3.0,1.0,Arizona
13.0,2020-03-15,0.0,1.0,1.0,Arizona
18.0,2020-03-16,0.0,5.0,1.0,Arizona
20.0,2020-03-17,0.0,2.0,1.0,Arizona
27.0,2020-03-18,0.0,7.0,0.0,Arizona
45.0,2020-03-19,0.0,18.0,0.0,Arizona
78.0,2020-03-20,0.0,33.0,0.0,Arizona
118.0,2020-03-21,1.0,40.0,0.0,Arizona
152.0,2020-03-22,2.0,34.0,0.0,Arizona
235.0,2020-03-23,2.0,83.0,0.0,Arizona
326.0,2020-03-24,5.0,91.0,0.0,Arizona
401.0,2020-03-25,6.0,75.0,0.0,Arizona
508.0,2020-03-26,8.0,107.0,0.0,Arizona
665.0,2020-03-27,13.0,157.0,0.0,Arizona
773.0,2020-03-28,15.0,108.0,0.0,Arizona
919.0,2020-03-29,17.0,146.0,0.0,Arizona
1157.0,2020-03-30,20.0,238.0,0.0,Arizona
1289.0,2020-03-31,24.0,132.0,0.0,Arizona
1530.0,2020-04-01,29.0,241.0,0.0,Arizona
1715.0,2020-04-02,32.0,185.0,0.0,Arizona
1937.0,2020-04-03,41.0,222.0,0.0,Arizona
2187.0,2020-04-04,52.0,250.0,0.0,Arizona
2486.0,2020-04-05,64.0,299.0,0.0,Arizona
2732.0,2020-04-06,65.0,246.0,0.0,Arizona
2870.0,2020-04-07,73.0,138.0,0.0,Arizona
3036.0,2020-04-08,80.0,166.0,0.0,Arizona
3018.0,2020-04-09,89.0,0.0,0.0,Arizona
2.0,2020-01-26,0.0,,0.0,California
2.0,2020-01-27,0.0,0.0,0.0,California
2.0,2020-01-28,0.0,0.0,0.0,California
2.0,2020-01-29,0.0,0.0,0.0,California
2.0,2020-01-30,0.0,0.0,0.0,California
2.0,2020-01-31,0.0,0.0,0.0,California
3.0,2020-02-01,0.0,1.0,0.0,California
3.0,2020-02-02,0.0,0.0,0.0,California
6.0,2020-02-03,0.0,3.0,0.0,California
6.0,2020-02-04,0.0,0.0,0.0,California
6.0,2020-02-05,0.0,0.0,0.0,California
6.0,2020-02-06,0.0,0.0,0.0,California
6.0,2020-02-07,0.0,0.0,0.0,California
6.0,2020-02-08,0.0,0.0,0.0,California
6.0,2020-02-09,0.0,0.0,0.0,California
6.0,2020-02-10,0.0,0.0,0.0,California
7.0,2020-02-11,0.0,1.0,0.0,California
7.0,2020-02-12,0.0,0.0,0.0,California
8.0,2020-02-13,0.0,1.0,0.0,California
8.0,2020-02-14,0.0,0.0,0.0,California
8.0,2020-02-15,0.0,0.0,0.0,California
8.0,2020-02-16,0.0,0.0,0.0,California
8.0,2020-02-17,0.0,0.0,0.0,California
8.0,2020-02-18,0.0,0.0,0.0,California
8.0,2020-02-19,0.0,0.0,0.0,California
8.0,2020-02-20,0.0,0.0,0.0,California
15.0,2020-02-21,0.0,7.0,2.0,California
10.0,2020-02-22,0.0,0.0,2.0,California
10.0,2020-02-23,0.0,0.0,2.0,California
10.0,2020-02-24,0.0,0.0,2.0,California
10.0,2020-02-25,0.0,0.0,2.0,California
10.0,2020-02-26,0.0,0.0,2.0,California
11.0,2020-02-27,0.0,1.0,2.0,California
11.0,2020-02-28,0.0,0.0,2.0,California
12.0,2020-02-29,0.0,1.0,2.0,California
12.0,2020-03-01,0.0,0.0,2.0,California
21.0,2020-03-02,0.0,9.0,2.0,California
25.0,2020-03-03,0.0,4.0,2.0,California
35.0,2020-03-04,1.0,10.0,2.0,California
51.0,2020-03-05,1.0,16.0,2.0,California
59.0,2020-03-06,1.0,8.0,2.0,California
82.0,2020-03-07,1.0,23.0,2.0,California
98.0,2020-03-08,1.0,16.0,2.0,California
104.0,2020-03-09,1.0,6.0,2.0,California
144.0,2020-03-10,2.0,40.0,2.0,California
177.0,2020-03-11,3.0,33.0,2.0,California
221.0,2020-03-12,4.0,44.0,6.0,California
282.0,2020-03-13,4.0,61.0,6.0,California
340.0,2020-03-14,5.0,58.0,6.0,California
426.0,2020-03-15,6.0,86.0,6.0,California
557.0,2020-03-16,7.0,131.0,6.0,California
698.0,2020-03-17,12.0,141.0,6.0,California
751.0,2020-03-18,13.0,53.0,0.0,California
952.0,2020-03-19,18.0,201.0,0.0,California
1177.0,2020-03-20,23.0,225.0,0.0,California
1364.0,2020-03-21,24.0,187.0,0.0,California
1646.0,2020-03-22,30.0,282.0,0.0,California
2108.0,2020-03-23,39.0,462.0,0.0,California
2538.0,2020-03-24,50.0,430.0,0.0,California
2998.0,2020-03-25,65.0,460.0,0.0,California
3899.0,2020-03-26,81.0,901.0,0.0,California
4657.0,2020-03-27,94.0,758.0,0.0,California
5095.0,2020-03-28,110.0,438.0,0.0,California
5852.0,2020-03-29,124.0,757.0,0.0,California
7138.0,2020-03-30,146.0,1286.0,0.0,California
8210.0,2020-03-31,173.0,1072.0,0.0,California
9399.0,2020-04-01,199.0,1189.0,0.0,California
10773.0,2020-04-02,238.0,1374.0,0.0,California
12004.0,2020-04-03,265.0,1231.0,0.0,California
12837.0,2020-04-04,289.0,833.0,0.0,California
15034.0,2020-04-05,348.0,2197.0,0.0,California
16019.0,2020-04-06,380.0,985.0,0.0,California
17351.0,2020-04-07,432.0,1332.0,0.0,California
18897.0,2020-04-08,495.0,1546.0,0.0,California
19710.0,2020-04-09,544.0,813.0,0.0,California
1.0,2020-02-01,0.0,,0.0,Massachusetts
1.0,2020-02-02,0.0,0.0,0.0,Massachusetts
1.0,2020-02-03,0.0,0.0,0.0,Massachusetts
1.0,2020-02-04,0.0,0.0,0.0,Massachusetts
1.0,2020-02-05,0.0,0.0,0.0,Massachusetts
1.0,2020-02-06,0.0,0.0,0.0,Massachusetts
1.0,2020-02-07,0.0,0.0,0.0,Massachusetts
1.0,2020-02-08,0.0,0.0,0.0,Massachusetts
1.0,2020-02-09,0.0,0.0,0.0,Massachusetts
1.0,2020-02-10,0.0,0.0,0.0,Massachusetts
1.0,2020-02-11,0.0,0.0,0.0,Massachusetts
1.0,2020-02-12,0.0,0.0,0.0,Massachusetts
1.0,2020-02-13,0.0,0.0,0.0,Massachusetts
1.0,2020-02-14,0.0,0.0,0.0,Massachusetts
1.0,2020-02-15,0.0,0.0,0.0,Massachusetts
1.0,2020-02-16,0.0,0.0,0.0,Massachusetts
1.0,2020-02-17,0.0,0.0,0.0,Massachusetts
1.0,2020-02-18,0.0,0.0,0.0,Massachusetts
1.0,2020-02-19,0.0,0.0,0.0,Massachusetts
1.0,2020-02-20,0.0,0.0,0.0,Massachusetts
1.0,2020-02-21,0.0,0.0,0.0,Massachusetts
1.0,2020-02-22,0.0,0.0,0.0,Massachusetts
1.0,2020-02-23,0.0,0.0,0.0,Massachusetts
1.0,2020-02-24,0.0,0.0,0.0,Massachusetts
1.0,2020-02-25,0.0,0.0,0.0,Massachusetts
1.0,2020-02-26,0.0,0.0,0.0,Massachusetts
1.0,2020-02-27,0.0,0.0,0.0,Massachusetts
1.0,2020-02-28,0.0,0.0,1.0,Massachusetts
1.0,2020-02-29,0.0,0.0,1.0,Massachusetts
1.0,2020-03-01,0.0,0.0,1.0,Massachusetts
1.0,2020-03-02,0.0,0.0,1.0,Massachusetts
2.0,2020-03-03,0.0,1.0,1.0,Massachusetts
2.0,2020-03-04,0.0,0.0,1.0,Massachusetts
2.0,2020-03-05,0.0,0.0,1.0,Massachusetts
7.0,2020-03-06,0.0,5.0,1.0,Massachusetts
7.0,2020-03-07,0.0,0.0,1.0,Massachusetts
24.0,2020-03-08,0.0,17.0,1.0,Massachusetts
24.0,2020-03-09,0.0,0.0,1.0,Massachusetts
92.0,2020-03-10,0.0,68.0,1.0,Massachusetts
95.0,2020-03-11,0.0,3.0,1.0,Massachusetts
108.0,2020-03-12,0.0,13.0,1.0,Massachusetts
123.0,2020-03-13,0.0,15.0,1.0,Massachusetts
138.0,2020-03-14,0.0,15.0,1.0,Massachusetts
164.0,2020-03-15,0.0,26.0,1.0,Massachusetts
197.0,2020-03-16,0.0,33.0,1.0,Massachusetts
218.0,2020-03-17,0.0,21.0,1.0,Massachusetts
218.0,2020-03-18,0.0,0.0,0.0,Massachusetts
328.0,2020-03-19,0.0,110.0,0.0,Massachusetts
413.0,2020-03-20,1.0,85.0,0.0,Massachusetts
525.0,2020-03-21,1.0,112.0,0.0,Massachusetts
646.0,2020-03-22,5.0,121.0,0.0,Massachusetts
777.0,2020-03-23,9.0,131.0,0.0,Massachusetts
1159.0,2020-03-24,11.0,382.0,0.0,Massachusetts
1838.0,2020-03-25,15.0,679.0,0.0,Massachusetts
2417.0,2020-03-26,25.0,579.0,0.0,Massachusetts
3240.0,2020-03-27,35.0,823.0,0.0,Massachusetts
4257.0,2020-03-28,44.0,1017.0,0.0,Massachusetts
4955.0,2020-03-29,48.0,698.0,0.0,Massachusetts
5752.0,2020-03-30,56.0,797.0,0.0,Massachusetts
6620.0,2020-03-31,89.0,868.0,0.0,Massachusetts
7738.0,2020-04-01,122.0,1118.0,0.0,Massachusetts
8966.0,2020-04-02,154.0,1228.0,0.0,Massachusetts
10402.0,2020-04-03,192.0,1436.0,0.0,Massachusetts
11736.0,2020-04-04,216.0,1334.0,0.0,Massachusetts
12500.0,2020-04-05,231.0,764.0,0.0,Massachusetts
13837.0,2020-04-06,260.0,1337.0,0.0,Massachusetts
15202.0,2020-04-07,356.0,1365.0,0.0,Massachusetts
16790.0,2020-04-08,433.0,1588.0,0.0,Massachusetts
18941.0,2020-04-09,503.0,2151.0,0.0,Massachusetts
1.0,2020-02-05,0.0,,0.0,Wisconsin
1.0,2020-02-06,0.0,0.0,0.0,Wisconsin
1.0,2020-02-07,0.0,0.0,0.0,Wisconsin
1.0,2020-02-08,0.0,0.0,0.0,Wisconsin
1.0,2020-02-09,0.0,0.0,0.0,Wisconsin
1.0,2020-02-10,0.0,0.0,0.0,Wisconsin
1.0,2020-02-11,0.0,0.0,0.0,Wisconsin
1.0,2020-02-12,0.0,0.0,0.0,Wisconsin
1.0,2020-02-13,0.0,0.0,0.0,Wisconsin
1.0,2020-02-14,0.0,0.0,0.0,Wisconsin
1.0,2020-02-15,0.0,0.0,0.0,Wisconsin
1.0,2020-02-16,0.0,0.0,0.0,Wisconsin
1.0,2020-02-17,0.0,0.0,0.0,Wisconsin
1.0,2020-02-18,0.0,0.0,0.0,Wisconsin
1.0,2020-02-19,0.0,0.0,0.0,Wisconsin
1.0,2020-02-20,0.0,0.0,0.0,Wisconsin
1.0,2020-02-21,0.0,0.0,0.0,Wisconsin
1.0,2020-02-22,0.0,0.0,0.0,Wisconsin
1.0,2020-02-23,0.0,0.0,0.0,Wisconsin
1.0,2020-02-24,0.0,0.0,0.0,Wisconsin
1.0,2020-02-25,0.0,0.0,0.0,Wisconsin
1.0,2020-02-26,0.0,0.0,0.0,Wisconsin
1.0,2020-02-27,0.0,0.0,0.0,Wisconsin
1.0,2020-02-28,0.0,0.0,0.0,Wisconsin
1.0,2020-02-29,0.0,0.0,0.0,Wisconsin
1.0,2020-03-01,0.0,0.0,0.0,Wisconsin
1.0,2020-03-02,0.0,0.0,0.0,Wisconsin
1.0,2020-03-03,0.0,0.0,1.0,Wisconsin
1.0,2020-03-04,0.0,0.0,1.0,Wisconsin
1.0,2020-03-05,0.0,0.0,1.0,Wisconsin
1.0,2020-03-06,0.0,0.0,1.0,Wisconsin
1.0,2020-03-07,0.0,0.0,1.0,Wisconsin
1.0,2020-03-08,0.0,0.0,1.0,Wisconsin
1.0,2020-03-09,0.0,0.0,1.0,Wisconsin
3.0,2020-03-10,0.0,2.0,1.0,Wisconsin
6.0,2020-03-11,0.0,3.0,1.0,Wisconsin
8.0,2020-03-12,0.0,2.0,1.0,Wisconsin
19.0,2020-03-13,0.0,11.0,1.0,Wisconsin
27.0,2020-03-14,0.0,8.0,1.0,Wisconsin
32.0,2020-03-15,0.0,5.0,1.0,Wisconsin
47.0,2020-03-16,0.0,15.0,1.0,Wisconsin
72.0,2020-03-17,0.0,25.0,1.0,Wisconsin
92.0,2020-03-18,0.0,20.0,0.0,Wisconsin
159.0,2020-03-19,0.0,67.0,0.0,Wisconsin
207.0,2020-03-20,3.0,48.0,0.0,Wisconsin
282.0,2020-03-21,4.0,75.0,0.0,Wisconsin
381.0,2020-03-22,4.0,99.0,0.0,Wisconsin
425.0,2020-03-23,5.0,44.0,0.0,Wisconsin
481.0,2020-03-24,5.0,56.0,0.0,Wisconsin
621.0,2020-03-25,7.0,140.0,0.0,Wisconsin
728.0,2020-03-26,10.0,107.0,0.0,Wisconsin
926.0,2020-03-27,14.0,198.0,0.0,Wisconsin
1055.0,2020-03-28,17.0,129.0,0.0,Wisconsin
1164.0,2020-03-29,18.0,109.0,0.0,Wisconsin
1230.0,2020-03-30,20.0,66.0,0.0,Wisconsin
1412.0,2020-03-31,25.0,182.0,0.0,Wisconsin
1556.0,2020-04-01,27.0,144.0,0.0,Wisconsin
1748.0,2020-04-02,38.0,192.0,0.0,Wisconsin
2012.0,2020-04-03,51.0,264.0,0.0,Wisconsin
2030.0,2020-04-04,54.0,18.0,0.0,Wisconsin
2320.0,2020-04-05,74.0,290.0,0.0,Wisconsin
2449.0,2020-04-06,78.0,129.0,0.0,Wisconsin
2578.0,2020-04-07,92.0,129.0,0.0,Wisconsin
2710.0,2020-04-08,100.0,132.0,0.0,Wisconsin
2886.0,2020-04-09,111.0,176.0,0.0,Wisconsin
1.0,2020-02-13,0.0,,0.0,Texas
1.0,2020-02-14,0.0,0.0,0.0,Texas
1.0,2020-02-15,0.0,0.0,0.0,Texas
1.0,2020-02-16,0.0,0.0,0.0,Texas
1.0,2020-02-17,0.0,0.0,0.0,Texas
1.0,2020-02-18,0.0,0.0,0.0,Texas
1.0,2020-02-19,0.0,0.0,0.0,Texas
1.0,2020-02-20,0.0,0.0,0.0,Texas
3.0,2020-02-21,0.0,2.0,0.0,Texas
1.0,2020-02-22,0.0,0.0,0.0,Texas
1.0,2020-02-23,0.0,0.0,0.0,Texas
1.0,2020-02-24,0.0,0.0,0.0,Texas
1.0,2020-02-25,0.0,0.0,0.0,Texas
1.0,2020-02-26,0.0,0.0,0.0,Texas
1.0,2020-02-27,0.0,0.0,0.0,Texas
1.0,2020-02-28,0.0,0.0,0.0,Texas
1.0,2020-02-29,0.0,0.0,0.0,Texas
1.0,2020-03-01,0.0,0.0,0.0,Texas
1.0,2020-03-02,0.0,0.0,0.0,Texas
1.0,2020-03-03,0.0,0.0,0.0,Texas
1.0,2020-03-04,0.0,0.0,0.0,Texas
4.0,2020-03-05,0.0,3.0,0.0,Texas
5.0,2020-03-06,0.0,1.0,0.0,Texas
9.0,2020-03-07,0.0,4.0,0.0,Texas
12.0,2020-03-08,0.0,3.0,0.0,Texas
14.0,2020-03-09,0.0,2.0,0.0,Texas
13.0,2020-03-10,0.0,0.0,0.0,Texas
21.0,2020-03-11,0.0,8.0,0.0,Texas
27.0,2020-03-12,0.0,6.0,0.0,Texas
43.0,2020-03-13,0.0,16.0,0.0,Texas
57.0,2020-03-14,0.0,14.0,0.0,Texas
72.0,2020-03-15,0.0,15.0,0.0,Texas
85.0,2020-03-16,0.0,13.0,0.0,Texas
110.0,2020-03-17,1.0,25.0,0.0,Texas
173.0,2020-03-18,3.0,63.0,0.0,Texas
260.0,2020-03-19,5.0,87.0,0.0,Texas
394.0,2020-03-20,5.0,134.0,0.0,Texas
581.0,2020-03-21,5.0,187.0,0.0,Texas
643.0,2020-03-22,7.0,62.0,0.0,Texas
758.0,2020-03-23,9.0,115.0,0.0,Texas
955.0,2020-03-24,12.0,197.0,0.0,Texas
1229.0,2020-03-25,15.0,274.0,0.0,Texas
1563.0,2020-03-26,21.0,334.0,0.0,Texas
1937.0,2020-03-27,26.0,374.0,0.0,Texas
2455.0,2020-03-28,30.0,518.0,0.0,Texas
2792.0,2020-03-29,37.0,337.0,0.0,Texas
3147.0,2020-03-30,45.0,355.0,0.0,Texas
3809.0,2020-03-31,54.0,662.0,0.0,Texas
4355.0,2020-04-01,66.0,546.0,0.0,Texas
5069.0,2020-04-02,77.0,714.0,0.0,Texas
5734.0,2020-04-03,100.0,665.0,0.0,Texas
6567.0,2020-04-04,116.0,833.0,0.0,Texas
7209.0,2020-04-05,136.0,642.0,0.0,Texas
8043.0,2020-04-06,150.0,834.0,0.0,Texas
8925.0,2020-04-07,160.0,882.0,0.0,Texas
9777.0,2020-04-08,189.0,852.0,0.0,Texas
11208.0,2020-04-09,210.0,1431.0,0.0,Texas
11.0,2020-02-21,0.0,,0.0,Nebraska
1.0,2020-03-06,0.0,0.0,0.0,Nebraska
1.0,2020-03-07,0.0,0.0,0.0,Nebraska
1.0,2020-03-08,0.0,0.0,0.0,Nebraska
3.0,2020-03-09,0.0,2.0,0.0,Nebraska
3.0,2020-03-10,0.0,0.0,0.0,Nebraska
5.0,2020-03-11,0.0,2.0,0.0,Nebraska
10.0,2020-03-12,0.0,5.0,0.0,Nebraska
13.0,2020-03-13,0.0,3.0,0.0,Nebraska
14.0,2020-03-14,0.0,1.0,0.0,Nebraska
17.0,2020-03-15,0.0,3.0,0.0,Nebraska
18.0,2020-03-16,0.0,1.0,0.0,Nebraska
21.0,2020-03-17,0.0,3.0,0.0,Nebraska
24.0,2020-03-18,0.0,3.0,0.0,Nebraska
29.0,2020-03-19,0.0,5.0,0.0,Nebraska
37.0,2020-03-20,0.0,8.0,0.0,Nebraska
38.0,2020-03-21,0.0,1.0,0.0,Nebraska
51.0,2020-03-22,0.0,13.0,0.0,Nebraska
51.0,2020-03-23,0.0,0.0,0.0,Nebraska
66.0,2020-03-24,0.0,15.0,0.0,Nebraska
71.0,2020-03-25,0.0,5.0,0.0,Nebraska
74.0,2020-03-26,0.0,3.0,0.0,Nebraska
82.0,2020-03-27,0.0,8.0,0.0,Nebraska
96.0,2020-03-28,2.0,14.0,0.0,Nebraska
108.0,2020-03-29,2.0,12.0,0.0,Nebraska
145.0,2020-03-30,2.0,37.0,0.0,Nebraska
172.0,2020-03-31,3.0,27.0,0.0,Nebraska
210.0,2020-04-01,4.0,38.0,0.0,Nebraska
246.0,2020-04-02,5.0,36.0,0.0,Nebraska
279.0,2020-04-03,6.0,33.0,0.0,Nebraska
321.0,2020-04-04,6.0,42.0,0.0,Nebraska
364.0,2020-04-05,8.0,43.0,0.0,Nebraska
417.0,2020-04-06,9.0,53.0,0.0,Nebraska
447.0,2020-04-07,10.0,30.0,0.0,Nebraska
519.0,2020-04-08,12.0,72.0,0.0,Nebraska
568.0,2020-04-09,14.0,49.0,0.0,Nebraska
1.0,2020-02-29,0.0,,0.0,Oregon
1.0,2020-03-01,0.0,0.0,0.0,Oregon
3.0,2020-03-02,0.0,2.0,0.0,Oregon
3.0,2020-03-03,0.0,0.0,0.0,Oregon
3.0,2020-03-04,0.0,0.0,0.0,Oregon
3.0,2020-03-05,0.0,0.0,0.0,Oregon
3.0,2020-03-06,0.0,0.0,0.0,Oregon
6.0,2020-03-07,0.0,3.0,0.0,Oregon
14.0,2020-03-08,0.0,8.0,0.0,Oregon
14.0,2020-03-09,0.0,0.0,0.0,Oregon
15.0,2020-03-10,0.0,1.0,0.0,Oregon
19.0,2020-03-11,0.0,4.0,0.0,Oregon
24.0,2020-03-12,0.0,5.0,0.0,Oregon
30.0,2020-03-13,0.0,6.0,0.0,Oregon
32.0,2020-03-14,0.0,2.0,0.0,Oregon
36.0,2020-03-15,1.0,4.0,0.0,Oregon
39.0,2020-03-16,1.0,3.0,0.0,Oregon
66.0,2020-03-17,1.0,27.0,0.0,Oregon
68.0,2020-03-18,2.0,2.0,0.0,Oregon
88.0,2020-03-19,3.0,20.0,0.0,Oregon
114.0,2020-03-20,3.0,26.0,0.0,Oregon
114.0,2020-03-21,5.0,0.0,0.0,Oregon
161.0,2020-03-22,5.0,47.0,0.0,Oregon
191.0,2020-03-23,5.0,30.0,0.0,Oregon
210.0,2020-03-24,8.0,19.0,0.0,Oregon
266.0,2020-03-25,10.0,56.0,0.0,Oregon
316.0,2020-03-26,11.0,50.0,0.0,Oregon
416.0,2020-03-27,12.0,100.0,0.0,Oregon
479.0,2020-03-28,13.0,63.0,0.0,Oregon
548.0,2020-03-29,13.0,69.0,0.0,Oregon
606.0,2020-03-30,16.0,58.0,0.0,Oregon
690.0,2020-03-31,18.0,84.0,0.0,Oregon
736.0,2020-04-01,19.0,46.0,0.0,Oregon
826.0,2020-04-02,21.0,90.0,0.0,Oregon
899.0,2020-04-03,22.0,73.0,0.0,Oregon
899.0,2020-04-04,22.0,0.0,0.0,Oregon
1068.0,2020-04-05,27.0,169.0,0.0,Oregon
1068.0,2020-04-06,27.0,0.0,0.0,Oregon
1132.0,2020-04-07,29.0,64.0,0.0,Oregon
1181.0,2020-04-08,33.0,49.0,0.0,Oregon
1321.0,2020-04-09,44.0,140.0,0.0,Oregon
1.0,2020-03-01,0.0,,0.0,Rhode Island
2.0,2020-03-02,0.0,1.0,0.0,Rhode Island
2.0,2020-03-03,0.0,0.0,0.0,Rhode Island
2.0,2020-03-04,0.0,0.0,0.0,Rhode Island
2.0,2020-03-05,0.0,0.0,0.0,Rhode Island
2.0,2020-03-06,0.0,0.0,0.0,Rhode Island
3.0,2020-03-07,0.0,1.0,0.0,Rhode Island
3.0,2020-03-08,0.0,0.0,0.0,Rhode Island
3.0,2020-03-09,0.0,0.0,0.0,Rhode Island
3.0,2020-03-10,0.0,0.0,0.0,Rhode Island
5.0,2020-03-11,0.0,2.0,0.0,Rhode Island
5.0,2020-03-12,0.0,0.0,0.0,Rhode Island
14.0,2020-03-13,0.0,9.0,0.0,Rhode Island
20.0,2020-03-14,0.0,6.0,0.0,Rhode Island
20.0,2020-03-15,0.0,0.0,0.0,Rhode Island
21.0,2020-03-16,0.0,1.0,0.0,Rhode Island
23.0,2020-03-17,0.0,2.0,0.0,Rhode Island
33.0,2020-03-18,0.0,10.0,0.0,Rhode Island
44.0,2020-03-19,0.0,11.0,0.0,Rhode Island
54.0,2020-03-20,0.0,10.0,0.0,Rhode Island
66.0,2020-03-21,0.0,12.0,0.0,Rhode Island
83.0,2020-03-22,0.0,17.0,0.0,Rhode Island
106.0,2020-03-23,0.0,23.0,0.0,Rhode Island
124.0,2020-03-24,0.0,18.0,0.0,Rhode Island
132.0,2020-03-25,0.0,8.0,0.0,Rhode Island
165.0,2020-03-26,0.0,33.0,0.0,Rhode Island
203.0,2020-03-27,0.0,38.0,0.0,Rhode Island
239.0,2020-03-28,2.0,36.0,0.0,Rhode Island
294.0,2020-03-29,3.0,55.0,0.0,Rhode Island
408.0,2020-03-30,4.0,114.0,0.0,Rhode Island
488.0,2020-03-31,8.0,80.0,0.0,Rhode Island
566.0,2020-04-01,10.0,78.0,0.0,Rhode Island
645.0,2020-04-02,12.0,79.0,0.0,Rhode Island
711.0,2020-04-03,14.0,66.0,0.0,Rhode Island
806.0,2020-04-04,17.0,95.0,0.0,Rhode Island
922.0,2020-04-05,25.0,116.0,0.0,Rhode Island
1082.0,2020-04-06,27.0,160.0,0.0,Rhode Island
1229.0,2020-04-07,30.0,147.0,0.0,Rhode Island
1450.0,2020-04-08,35.0,221.0,0.0,Rhode Island
1727.0,2020-04-09,43.0,277.0,0.0,Rhode Island
2.0,2020-03-02,0.0,,0.0,Florida
3.0,2020-03-03,0.0,1.0,0.0,Florida
3.0,2020-03-04,0.0,0.0,0.0,Florida
4.0,2020-03-05,0.0,1.0,0.0,Florida
4.0,2020-03-06,0.0,0.0,0.0,Florida
8.0,2020-03-07,0.0,4.0,0.0,Florida
11.0,2020-03-08,2.0,3.0,0.0,Florida
14.0,2020-03-09,2.0,3.0,0.0,Florida
15.0,2020-03-10,2.0,1.0,0.0,Florida
28.0,2020-03-11,2.0,13.0,0.0,Florida
35.0,2020-03-12,2.0,7.0,0.0,Florida
50.0,2020-03-13,2.0,15.0,0.0,Florida
76.0,2020-03-14,3.0,26.0,0.0,Florida
115.0,2020-03-15,4.0,39.0,0.0,Florida
155.0,2020-03-16,5.0,40.0,0.0,Florida
216.0,2020-03-17,6.0,61.0,0.0,Florida
314.0,2020-03-18,7.0,98.0,0.0,Florida
417.0,2020-03-19,9.0,103.0,0.0,Florida
563.0,2020-03-20,10.0,146.0,0.0,Florida
659.0,2020-03-21,13.0,96.0,0.0,Florida
1004.0,2020-03-22,13.0,345.0,0.0,Florida
1227.0,2020-03-23,18.0,223.0,0.0,Florida
1412.0,2020-03-24,18.0,185.0,0.0,Florida
1682.0,2020-03-25,23.0,270.0,0.0,Florida
2357.0,2020-03-26,29.0,675.0,0.0,Florida
2900.0,2020-03-27,35.0,543.0,0.0,Florida
3763.0,2020-03-28,54.0,863.0,0.0,Florida
4246.0,2020-03-29,56.0,483.0,0.0,Florida
5473.0,2020-03-30,63.0,1227.0,0.0,Florida
6741.0,2020-03-31,85.0,1268.0,0.0,Florida
6956.0,2020-04-01,87.0,215.0,0.0,Florida
9008.0,2020-04-02,164.0,2052.0,0.0,Florida
10268.0,2020-04-03,170.0,1260.0,0.0,Florida
11537.0,2020-04-04,195.0,1269.0,0.0,Florida
12350.0,2020-04-05,221.0,813.0,0.0,Florida
13324.0,2020-04-06,236.0,974.0,0.0,Florida
14545.0,2020-04-07,283.0,1221.0,0.0,Florida
15456.0,2020-04-08,309.0,911.0,0.0,Florida
16364.0,2020-04-09,354.0,908.0,0.0,Florida
1.0,2020-03-02,0.0,,0.0,New Hampshire
2.0,2020-03-03,0.0,1.0,0.0,New Hampshire
2.0,2020-03-04,0.0,0.0,0.0,New Hampshire
2.0,2020-03-05,0.0,0.0,0.0,New Hampshire
2.0,2020-03-06,0.0,0.0,0.0,New Hampshire
2.0,2020-03-07,0.0,0.0,0.0,New Hampshire
6.0,2020-03-08,0.0,4.0,0.0,New Hampshire
5.0,2020-03-09,0.0,0.0,0.0,New Hampshire
4.0,2020-03-10,0.0,0.0,0.0,New Hampshire
5.0,2020-03-11,0.0,1.0,0.0,New Hampshire
6.0,2020-03-12,0.0,1.0,0.0,New Hampshire
6.0,2020-03-13,0.0,0.0,0.0,New Hampshire
7.0,2020-03-14,0.0,1.0,0.0,New Hampshire
13.0,2020-03-15,0.0,6.0,0.0,New Hampshire
17.0,2020-03-16,0.0,4.0,0.0,New Hampshire
26.0,2020-03-17,0.0,9.0,0.0,New Hampshire
26.0,2020-03-18,0.0,0.0,0.0,New Hampshire
44.0,2020-03-19,0.0,18.0,0.0,New Hampshire
44.0,2020-03-20,0.0,0.0,0.0,New Hampshire
55.0,2020-03-21,0.0,11.0,0.0,New Hampshire
74.0,2020-03-22,0.0,19.0,0.0,New Hampshire
101.0,2020-03-23,1.0,27.0,0.0,New Hampshire
101.0,2020-03-24,1.0,0.0,0.0,New Hampshire
108.0,2020-03-25,1.0,7.0,0.0,New Hampshire
137.0,2020-03-26,1.0,29.0,0.0,New Hampshire
158.0,2020-03-27,1.0,21.0,0.0,New Hampshire
187.0,2020-03-28,2.0,29.0,0.0,New Hampshire
214.0,2020-03-29,2.0,27.0,0.0,New Hampshire
314.0,2020-03-30,3.0,100.0,0.0,New Hampshire
357.0,2020-03-31,3.0,43.0,0.0,New Hampshire
367.0,2020-04-01,3.0,10.0,0.0,New Hampshire
316.0,2020-04-02,3.0,0.0,0.0,New Hampshire
479.0,2020-04-03,5.0,163.0,0.0,New Hampshire
540.0,2020-04-04,7.0,61.0,0.0,New Hampshire
621.0,2020-04-05,9.0,81.0,0.0,New Hampshire
715.0,2020-04-06,9.0,94.0,0.0,New Hampshire
715.0,2020-04-07,9.0,0.0,0.0,New Hampshire
747.0,2020-04-08,13.0,32.0,0.0,New Hampshire
819.0,2020-04-09,21.0,72.0,0.0,New Hampshire
1.0,2020-03-02,0.0,,0.0,New York
2.0,2020-03-03,0.0,1.0,0.0,New York
11.0,2020-03-04,0.0,9.0,0.0,New York
23.0,2020-03-05,0.0,12.0,0.0,New York
36.0,2020-03-06,0.0,13.0,0.0,New York
76.0,2020-03-07,0.0,40.0,0.0,New York
106.0,2020-03-08,0.0,30.0,0.0,New York
142.0,2020-03-09,0.0,36.0,0.0,New York
173.0,2020-03-10,0.0,31.0,0.0,New York
220.0,2020-03-11,0.0,47.0,0.0,New York
328.0,2020-03-12,0.0,108.0,0.0,New York
421.0,2020-03-13,0.0,93.0,0.0,New York
525.0,2020-03-14,2.0,104.0,0.0,New York
732.0,2020-03-15,3.0,207.0,0.0,New York
967.0,2020-03-16,10.0,235.0,0.0,New York
1706.0,2020-03-17,13.0,739.0,0.0,New York
2495.0,2020-03-18,16.0,789.0,0.0,New York
5365.0,2020-03-19,34.0,2870.0,0.0,New York
8310.0,2020-03-20,42.0,2945.0,0.0,New York
11710.0,2020-03-21,60.0,3400.0,0.0,New York
15800.0,2020-03-22,117.0,4090.0,0.0,New York
20884.0,2020-03-23,158.0,5084.0,0.0,New York
25681.0,2020-03-24,210.0,4797.0,0.0,New York
30841.0,2020-03-25,285.0,5160.0,0.0,New York
37877.0,2020-03-26,385.0,7036.0,0.0,New York
44876.0,2020-03-27,527.0,6999.0,0.0,New York
52410.0,2020-03-28,728.0,7534.0,0.0,New York
59648.0,2020-03-29,965.0,7238.0,0.0,New York
66663.0,2020-03-30,1218.0,7015.0,0.0,New York
75833.0,2020-03-31,1550.0,9170.0,0.0,New York
83948.0,2020-04-01,1941.0,8115.0,0.0,New York
92506.0,2020-04-02,2373.0,8558.0,0.0,New York
102987.0,2020-04-03,2935.0,10481.0,0.0,New York
113833.0,2020-04-04,3565.0,10846.0,0.0,New York
123160.0,2020-04-05,4159.0,9327.0,0.0,New York
131815.0,2020-04-06,4698.0,8655.0,0.0,New York
139875.0,2020-04-07,5489.0,8060.0,0.0,New York
151061.0,2020-04-08,6268.0,11186.0,0.0,New York
161779.0,2020-04-09,7067.0,10718.0,0.0,New York
2.0,2020-03-03,0.0,,0.0,Georgia
2.0,2020-03-04,0.0,0.0,0.0,Georgia
2.0,2020-03-05,0.0,0.0,0.0,Georgia
3.0,2020-03-06,0.0,1.0,0.0,Georgia
6.0,2020-03-07,0.0,3.0,0.0,Georgia
5.0,2020-03-08,0.0,0.0,0.0,Georgia
10.0,2020-03-09,0.0,5.0,0.0,Georgia
17.0,2020-03-10,0.0,7.0,0.0,Georgia
23.0,2020-03-11,0.0,6.0,0.0,Georgia
31.0,2020-03-12,1.0,8.0,0.0,Georgia
42.0,2020-03-13,1.0,11.0,0.0,Georgia
66.0,2020-03-14,1.0,24.0,0.0,Georgia
99.0,2020-03-15,1.0,33.0,0.0,Georgia
121.0,2020-03-16,1.0,22.0,0.0,Georgia
146.0,2020-03-17,1.0,25.0,0.0,Georgia
199.0,2020-03-18,3.0,53.0,0.0,Georgia
287.0,2020-03-19,10.0,88.0,0.0,Georgia
420.0,2020-03-20,13.0,133.0,0.0,Georgia
507.0,2020-03-21,14.0,87.0,0.0,Georgia
621.0,2020-03-22,25.0,114.0,0.0,Georgia
772.0,2020-03-23,25.0,151.0,0.0,Georgia
1026.0,2020-03-24,32.0,254.0,0.0,Georgia
1247.0,2020-03-25,40.0,221.0,0.0,Georgia
1525.0,2020-03-26,48.0,278.0,0.0,Georgia
2000.0,2020-03-27,64.0,475.0,0.0,Georgia
2366.0,2020-03-28,69.0,366.0,0.0,Georgia
2651.0,2020-03-29,80.0,285.0,0.0,Georgia
2808.0,2020-03-30,87.0,157.0,0.0,Georgia
3929.0,2020-03-31,111.0,1121.0,0.0,Georgia
4638.0,2020-04-01,139.0,709.0,0.0,Georgia
5348.0,2020-04-02,163.0,710.0,0.0,Georgia
5831.0,2020-04-03,184.0,483.0,0.0,Georgia
6160.0,2020-04-04,201.0,329.0,0.0,Georgia
6647.0,2020-04-05,211.0,487.0,0.0,Georgia
7314.0,2020-04-06,229.0,667.0,0.0,Georgia
8822.0,2020-04-07,329.0,1508.0,0.0,Georgia
9901.0,2020-04-08,362.0,1079.0,0.0,Georgia
10566.0,2020-04-09,379.0,665.0,0.0,Georgia
1.0,2020-03-03,0.0,,0.0,North Carolina
1.0,2020-03-04,0.0,0.0,0.0,North Carolina
1.0,2020-03-05,0.0,0.0,0.0,North Carolina
2.0,2020-03-06,0.0,1.0,0.0,North Carolina
2.0,2020-03-07,0.0,0.0,0.0,North Carolina
2.0,2020-03-08,0.0,0.0,0.0,North Carolina
2.0,2020-03-09,0.0,0.0,0.0,North Carolina
7.0,2020-03-10,0.0,5.0,0.0,North Carolina
7.0,2020-03-11,0.0,0.0,0.0,North Carolina
15.0,2020-03-12,0.0,8.0,0.0,North Carolina
17.0,2020-03-13,0.0,2.0,0.0,North Carolina
24.0,2020-03-14,0.0,7.0,0.0,North Carolina
33.0,2020-03-15,0.0,9.0,0.0,North Carolina
38.0,2020-03-16,0.0,5.0,0.0,North Carolina
64.0,2020-03-17,0.0,26.0,0.0,North Carolina
70.0,2020-03-18,0.0,6.0,0.0,North Carolina
123.0,2020-03-19,0.0,53.0,0.0,North Carolina
172.0,2020-03-20,0.0,49.0,0.0,North Carolina
253.0,2020-03-21,0.0,81.0,0.0,North Carolina
305.0,2020-03-22,0.0,52.0,0.0,North Carolina
353.0,2020-03-23,0.0,48.0,0.0,North Carolina
495.0,2020-03-24,0.0,142.0,0.0,North Carolina
590.0,2020-03-25,2.0,95.0,0.0,North Carolina
738.0,2020-03-26,3.0,148.0,0.0,North Carolina
887.0,2020-03-27,4.0,149.0,0.0,North Carolina
1020.0,2020-03-28,5.0,133.0,0.0,North Carolina
1191.0,2020-03-29,7.0,171.0,0.0,North Carolina
1313.0,2020-03-30,7.0,122.0,0.0,North Carolina
1535.0,2020-03-31,12.0,222.0,0.0,North Carolina
1675.0,2020-04-01,14.0,140.0,0.0,North Carolina
1977.0,2020-04-02,21.0,302.0,0.0,North Carolina
2251.0,2020-04-03,27.0,274.0,0.0,North Carolina
2486.0,2020-04-04,34.0,235.0,0.0,North Carolina
2649.0,2020-04-05,38.0,163.0,0.0,North Carolina
2962.0,2020-04-06,45.0,313.0,0.0,North Carolina
3299.0,2020-04-07,53.0,337.0,0.0,North Carolina
3499.0,2020-04-08,66.0,200.0,0.0,North Carolina
3736.0,2020-04-09,76.0,237.0,0.0,North Carolina
1.0,2020-03-05,0.0,,0.0,Nevada
2.0,2020-03-06,0.0,1.0,0.0,Nevada
2.0,2020-03-07,0.0,0.0,0.0,Nevada
4.0,2020-03-08,0.0,2.0,0.0,Nevada
4.0,2020-03-09,0.0,0.0,0.0,Nevada
4.0,2020-03-10,0.0,0.0,0.0,Nevada
7.0,2020-03-11,0.0,3.0,0.0,Nevada
14.0,2020-03-12,0.0,7.0,0.0,Nevada
17.0,2020-03-13,0.0,3.0,0.0,Nevada
21.0,2020-03-14,0.0,4.0,0.0,Nevada
24.0,2020-03-15,0.0,3.0,0.0,Nevada
45.0,2020-03-16,1.0,21.0,0.0,Nevada
56.0,2020-03-17,1.0,11.0,0.0,Nevada
55.0,2020-03-18,1.0,0.0,0.0,Nevada
95.0,2020-03-19,1.0,40.0,0.0,Nevada
114.0,2020-03-20,1.0,19.0,0.0,Nevada
161.0,2020-03-21,2.0,47.0,0.0,Nevada
190.0,2020-03-22,2.0,29.0,0.0,Nevada
245.0,2020-03-23,4.0,55.0,0.0,Nevada
278.0,2020-03-24,4.0,33.0,0.0,Nevada
323.0,2020-03-25,6.0,45.0,0.0,Nevada
420.0,2020-03-26,10.0,97.0,0.0,Nevada
536.0,2020-03-27,10.0,116.0,0.0,Nevada
626.0,2020-03-28,10.0,90.0,0.0,Nevada
920.0,2020-03-29,15.0,294.0,0.0,Nevada
1012.0,2020-03-30,15.0,92.0,0.0,Nevada
1114.0,2020-03-31,26.0,102.0,0.0,Nevada
1279.0,2020-04-01,31.0,165.0,0.0,Nevada
1463.0,2020-04-02,38.0,184.0,0.0,Nevada
1514.0,2020-04-03,43.0,51.0,0.0,Nevada
1742.0,2020-04-04,46.0,228.0,0.0,Nevada
1855.0,2020-04-05,46.0,113.0,0.0,Nevada
1953.0,2020-04-06,46.0,98.0,0.0,Nevada
2124.0,2020-04-07,72.0,171.0,0.0,Nevada
2259.0,2020-04-08,72.0,135.0,0.0,Nevada
2456.0,2020-04-09,81.0,197.0,0.0,Nevada
2.0,2020-03-05,0.0,,0.0,New Jersey
2.0,2020-03-06,0.0,0.0,0.0,New Jersey
4.0,2020-03-07,0.0,2.0,0.0,New Jersey
5.0,2020-03-08,0.0,1.0,0.0,New Jersey
5.0,2020-03-09,0.0,0.0,0.0,New Jersey
15.0,2020-03-10,1.0,10.0,0.0,New Jersey
23.0,2020-03-11,1.0,8.0,0.0,New Jersey
29.0,2020-03-12,1.0,6.0,0.0,New Jersey
29.0,2020-03-13,1.0,0.0,0.0,New Jersey
69.0,2020-03-14,1.0,40.0,0.0,New Jersey
98.0,2020-03-15,2.0,29.0,0.0,New Jersey
178.0,2020-03-16,2.0,80.0,1.0,New Jersey
267.0,2020-03-17,3.0,89.0,1.0,New Jersey
267.0,2020-03-18,3.0,0.0,0.0,New Jersey
742.0,2020-03-19,9.0,475.0,0.0,New Jersey
890.0,2020-03-20,11.0,148.0,0.0,New Jersey
1327.0,2020-03-21,16.0,437.0,0.0,New Jersey
1914.0,2020-03-22,20.0,587.0,0.0,New Jersey
2844.0,2020-03-23,27.0,930.0,0.0,New Jersey
3675.0,2020-03-24,44.0,831.0,0.0,New Jersey
4402.0,2020-03-25,62.0,727.0,0.0,New Jersey
6876.0,2020-03-26,81.0,2474.0,0.0,New Jersey
8825.0,2020-03-27,108.0,1949.0,0.0,New Jersey
11124.0,2020-03-28,140.0,2299.0,0.0,New Jersey
13386.0,2020-03-29,161.0,2262.0,0.0,New Jersey
16636.0,2020-03-30,198.0,3250.0,0.0,New Jersey
18696.0,2020-03-31,267.0,2060.0,0.0,New Jersey
22255.0,2020-04-01,355.0,3559.0,0.0,New Jersey
25590.0,2020-04-02,537.0,3335.0,0.0,New Jersey
29895.0,2020-04-03,646.0,4305.0,0.0,New Jersey
34124.0,2020-04-04,846.0,4229.0,0.0,New Jersey
37505.0,2020-04-05,917.0,3381.0,0.0,New Jersey
41090.0,2020-04-06,1003.0,3585.0,0.0,New Jersey
44416.0,2020-04-07,1232.0,3326.0,0.0,New Jersey
47437.0,2020-04-08,1504.0,3021.0,0.0,New Jersey
51027.0,2020-04-09,1709.0,3590.0,0.0,New Jersey
1.0,2020-03-05,0.0,,0.0,Tennessee
1.0,2020-03-06,0.0,0.0,0.0,Tennessee
1.0,2020-03-07,0.0,0.0,0.0,Tennessee
3.0,2020-03-08,0.0,2.0,0.0,Tennessee
3.0,2020-03-09,0.0,0.0,0.0,Tennessee
7.0,2020-03-10,0.0,4.0,0.0,Tennessee
9.0,2020-03-11,0.0,2.0,0.0,Tennessee
18.0,2020-03-12,0.0,9.0,0.0,Tennessee
26.0,2020-03-13,0.0,8.0,0.0,Tennessee
32.0,2020-03-14,0.0,6.0,0.0,Tennessee
39.0,2020-03-15,0.0,7.0,0.0,Tennessee
52.0,2020-03-16,0.0,13.0,0.0,Tennessee
74.0,2020-03-17,0.0,22.0,0.0,Tennessee
79.0,2020-03-18,0.0,5.0,0.0,Tennessee
154.0,2020-03-19,0.0,75.0,0.0,Tennessee
233.0,2020-03-20,0.0,79.0,0.0,Tennessee
371.0,2020-03-21,1.0,138.0,0.0,Tennessee
505.0,2020-03-22,2.0,134.0,0.0,Tennessee
614.0,2020-03-23,2.0,109.0,0.0,Tennessee
772.0,2020-03-24,2.0,158.0,0.0,Tennessee
916.0,2020-03-25,3.0,144.0,0.0,Tennessee
1097.0,2020-03-26,3.0,181.0,0.0,Tennessee
1318.0,2020-03-27,6.0,221.0,0.0,Tennessee
1511.0,2020-03-28,7.0,193.0,0.0,Tennessee
1720.0,2020-03-29,8.0,209.0,0.0,Tennessee
1917.0,2020-03-30,14.0,197.0,0.0,Tennessee
2391.0,2020-03-31,23.0,474.0,0.0,Tennessee
2933.0,2020-04-01,24.0,542.0,0.0,Tennessee
3013.0,2020-04-02,36.0,80.0,0.0,Tennessee
3067.0,2020-04-03,41.0,54.0,0.0,Tennessee
3322.0,2020-04-04,50.0,255.0,0.0,Tennessee
3633.0,2020-04-05,53.0,311.0,0.0,Tennessee
3802.0,2020-04-06,65.0,169.0,0.0,Tennessee
4139.0,2020-04-07,72.0,337.0,0.0,Tennessee
4363.0,2020-04-08,80.0,224.0,0.0,Tennessee
4634.0,2020-04-09,94.0,271.0,0.0,Tennessee
4.0,2020-03-06,0.0,,0.0,Colorado
8.0,2020-03-07,0.0,4.0,0.0,Colorado
8.0,2020-03-08,0.0,0.0,0.0,Colorado
8.0,2020-03-09,0.0,0.0,0.0,Colorado
15.0,2020-03-10,0.0,7.0,0.0,Colorado
34.0,2020-03-11,0.0,19.0,0.0,Colorado
45.0,2020-03-12,0.0,11.0,0.0,Colorado
49.0,2020-03-13,0.0,4.0,0.0,Colorado
101.0,2020-03-14,1.0,52.0,0.0,Colorado
131.0,2020-03-15,1.0,30.0,0.0,Colorado
160.0,2020-03-16,1.0,29.0,0.0,Colorado
160.0,2020-03-17,2.0,0.0,0.0,Colorado
184.0,2020-03-18,2.0,24.0,0.0,Colorado
277.0,2020-03-19,4.0,93.0,0.0,Colorado
363.0,2020-03-20,4.0,86.0,0.0,Colorado
390.0,2020-03-21,4.0,27.0,0.0,Colorado
591.0,2020-03-22,6.0,201.0,0.0,Colorado
704.0,2020-03-23,7.0,113.0,0.0,Colorado
723.0,2020-03-24,8.0,19.0,0.0,Colorado
1021.0,2020-03-25,16.0,298.0,0.0,Colorado
1430.0,2020-03-26,19.0,409.0,0.0,Colorado
1433.0,2020-03-27,27.0,3.0,0.0,Colorado
1740.0,2020-03-28,31.0,307.0,0.0,Colorado
2307.0,2020-03-29,47.0,567.0,0.0,Colorado
2311.0,2020-03-30,47.0,4.0,0.0,Colorado
2966.0,2020-03-31,69.0,655.0,0.0,Colorado
2982.0,2020-04-01,69.0,16.0,0.0,Colorado
3342.0,2020-04-02,80.0,360.0,0.0,Colorado
3742.0,2020-04-03,97.0,400.0,0.0,Colorado
4188.0,2020-04-04,111.0,446.0,0.0,Colorado
4950.0,2020-04-05,140.0,762.0,0.0,Colorado
5183.0,2020-04-06,150.0,233.0,0.0,Colorado
5429.0,2020-04-07,179.0,246.0,0.0,Colorado
5655.0,2020-04-08,193.0,226.0,0.0,Colorado
5655.0,2020-04-09,193.0,0.0,0.0,Colorado
1.0,2020-03-06,0.0,,0.0,Indiana
1.0,2020-03-07,0.0,0.0,0.0,Indiana
2.0,2020-03-08,0.0,1.0,0.0,Indiana
3.0,2020-03-09,0.0,1.0,0.0,Indiana
6.0,2020-03-10,0.0,3.0,0.0,Indiana
11.0,2020-03-11,0.0,5.0,0.0,Indiana
13.0,2020-03-12,0.0,2.0,0.0,Indiana
13.0,2020-03-13,0.0,0.0,0.0,Indiana
16.0,2020-03-14,0.0,3.0,0.0,Indiana
20.0,2020-03-15,0.0,4.0,0.0,Indiana
25.0,2020-03-16,1.0,5.0,0.0,Indiana
30.0,2020-03-17,2.0,5.0,0.0,Indiana
39.0,2020-03-18,2.0,9.0,0.0,Indiana
60.0,2020-03-19,2.0,21.0,0.0,Indiana
86.0,2020-03-20,2.0,26.0,0.0,Indiana
128.0,2020-03-21,4.0,42.0,0.0,Indiana
204.0,2020-03-22,6.0,76.0,0.0,Indiana
270.0,2020-03-23,7.0,66.0,0.0,Indiana
368.0,2020-03-24,12.0,98.0,0.0,Indiana
477.0,2020-03-25,14.0,109.0,0.0,Indiana
645.0,2020-03-26,17.0,168.0,0.0,Indiana
979.0,2020-03-27,25.0,334.0,0.0,Indiana
1233.0,2020-03-28,31.0,254.0,0.0,Indiana
1513.0,2020-03-29,32.0,280.0,0.0,Indiana
1786.0,2020-03-30,35.0,273.0,0.0,Indiana
2158.0,2020-03-31,49.0,372.0,0.0,Indiana
2564.0,2020-04-01,65.0,406.0,0.0,Indiana
3038.0,2020-04-02,78.0,474.0,0.0,Indiana
3437.0,2020-04-03,102.0,399.0,0.0,Indiana
3953.0,2020-04-04,116.0,516.0,0.0,Indiana
4411.0,2020-04-05,127.0,458.0,0.0,Indiana
4956.0,2020-04-06,143.0,545.0,0.0,Indiana
5510.0,2020-04-07,173.0,554.0,0.0,Indiana
5943.0,2020-04-08,203.0,433.0,0.0,Indiana
6351.0,2020-04-09,245.0,408.0,0.0,Indiana
1.0,2020-03-06,0.0,,0.0,Kentucky
1.0,2020-03-07,0.0,0.0,0.0,Kentucky
1.0,2020-03-08,0.0,0.0,0.0,Kentucky
4.0,2020-03-09,0.0,3.0,0.0,Kentucky
6.0,2020-03-10,0.0,2.0,0.0,Kentucky
8.0,2020-03-11,0.0,2.0,0.0,Kentucky
10.0,2020-03-12,0.0,2.0,0.0,Kentucky
14.0,2020-03-13,0.0,4.0,0.0,Kentucky
14.0,2020-03-14,0.0,0.0,0.0,Kentucky
20.0,2020-03-15,0.0,6.0,0.0,Kentucky
21.0,2020-03-16,1.0,1.0,1.0,Kentucky
26.0,2020-03-17,1.0,5.0,1.0,Kentucky
27.0,2020-03-18,1.0,1.0,0.0,Kentucky
37.0,2020-03-19,2.0,10.0,0.0,Kentucky
47.0,2020-03-20,2.0,10.0,0.0,Kentucky
87.0,2020-03-21,3.0,40.0,0.0,Kentucky
103.0,2020-03-22,3.0,16.0,0.0,Kentucky
123.0,2020-03-23,4.0,20.0,0.0,Kentucky
162.0,2020-03-24,4.0,39.0,0.0,Kentucky
197.0,2020-03-25,5.0,35.0,0.0,Kentucky
247.0,2020-03-26,5.0,50.0,0.0,Kentucky
301.0,2020-03-27,7.0,54.0,0.0,Kentucky
380.0,2020-03-28,9.0,79.0,0.0,Kentucky
438.0,2020-03-29,9.0,58.0,0.0,Kentucky
479.0,2020-03-30,11.0,41.0,0.0,Kentucky
628.0,2020-03-31,11.0,149.0,0.0,Kentucky
632.0,2020-04-01,18.0,4.0,0.0,Kentucky
770.0,2020-04-02,31.0,138.0,0.0,Kentucky
770.0,2020-04-03,34.0,0.0,0.0,Kentucky
917.0,2020-04-04,40.0,147.0,0.0,Kentucky
955.0,2020-04-05,45.0,38.0,0.0,Kentucky
955.0,2020-04-06,45.0,0.0,0.0,Kentucky
1149.0,2020-04-07,65.0,194.0,0.0,Kentucky
1149.0,2020-04-08,65.0,0.0,0.0,Kentucky
1341.0,2020-04-09,73.0,192.0,0.0,Kentucky
3.0,2020-03-06,0.0,,0.0,Maryland
3.0,2020-03-07,0.0,0.0,0.0,Maryland
5.0,2020-03-08,0.0,2.0,0.0,Maryland
5.0,2020-03-09,0.0,0.0,0.0,Maryland
8.0,2020-03-10,0.0,3.0,0.0,Maryland
9.0,2020-03-11,0.0,1.0,0.0,Maryland
12.0,2020-03-12,0.0,3.0,0.0,Maryland
18.0,2020-03-13,0.0,6.0,0.0,Maryland
26.0,2020-03-14,0.0,8.0,0.0,Maryland
32.0,2020-03-15,0.0,6.0,0.0,Maryland
41.0,2020-03-16,0.0,9.0,3.0,Maryland
60.0,2020-03-17,0.0,19.0,3.0,Maryland
85.0,2020-03-18,0.0,25.0,0.0,Maryland
107.0,2020-03-19,1.0,22.0,0.0,Maryland
149.0,2020-03-20,1.0,42.0,0.0,Maryland
193.0,2020-03-21,2.0,44.0,0.0,Maryland
244.0,2020-03-22,3.0,51.0,0.0,Maryland
290.0,2020-03-23,3.0,46.0,0.0,Maryland
349.0,2020-03-24,4.0,59.0,0.0,Maryland
425.0,2020-03-25,4.0,76.0,0.0,Maryland
583.0,2020-03-26,4.0,158.0,0.0,Maryland
775.0,2020-03-27,5.0,192.0,0.0,Maryland
995.0,2020-03-28,5.0,220.0,0.0,Maryland
1239.0,2020-03-29,10.0,244.0,0.0,Maryland
1413.0,2020-03-30,15.0,174.0,0.0,Maryland
1660.0,2020-03-31,18.0,247.0,0.0,Maryland
1986.0,2020-04-01,31.0,326.0,0.0,Maryland
2331.0,2020-04-02,36.0,345.0,0.0,Maryland
2758.0,2020-04-03,43.0,427.0,0.0,Maryland
3125.0,2020-04-04,54.0,367.0,0.0,Maryland
3617.0,2020-04-05,67.0,492.0,0.0,Maryland
4045.0,2020-04-06,91.0,428.0,0.0,Maryland
4371.0,2020-04-07,103.0,326.0,0.0,Maryland
5529.0,2020-04-08,124.0,1158.0,0.0,Maryland
6185.0,2020-04-09,138.0,656.0,0.0,Maryland
1.0,2020-03-06,0.0,,0.0,Minnesota
1.0,2020-03-07,0.0,0.0,0.0,Minnesota
1.0,2020-03-08,0.0,0.0,0.0,Minnesota
2.0,2020-03-09,0.0,1.0,0.0,Minnesota
3.0,2020-03-10,0.0,1.0,0.0,Minnesota
5.0,2020-03-11,0.0,2.0,0.0,Minnesota
9.0,2020-03-12,0.0,4.0,0.0,Minnesota
14.0,2020-03-13,0.0,5.0,0.0,Minnesota
21.0,2020-03-14,0.0,7.0,0.0,Minnesota
35.0,2020-03-15,0.0,14.0,0.0,Minnesota
54.0,2020-03-16,0.0,19.0,0.0,Minnesota
60.0,2020-03-17,0.0,6.0,0.0,Minnesota
77.0,2020-03-18,0.0,17.0,0.0,Minnesota
89.0,2020-03-19,0.0,12.0,0.0,Minnesota
115.0,2020-03-20,0.0,26.0,0.0,Minnesota
138.0,2020-03-21,1.0,23.0,0.0,Minnesota
167.0,2020-03-22,1.0,29.0,0.0,Minnesota
234.0,2020-03-23,1.0,67.0,0.0,Minnesota
261.0,2020-03-24,1.0,27.0,0.0,Minnesota
286.0,2020-03-25,1.0,25.0,0.0,Minnesota
344.0,2020-03-26,2.0,58.0,0.0,Minnesota
396.0,2020-03-27,4.0,52.0,0.0,Minnesota
441.0,2020-03-28,5.0,45.0,0.0,Minnesota
503.0,2020-03-29,9.0,62.0,0.0,Minnesota
576.0,2020-03-30,10.0,73.0,0.0,Minnesota
629.0,2020-03-31,12.0,53.0,0.0,Minnesota
689.0,2020-04-01,17.0,60.0,0.0,Minnesota
742.0,2020-04-02,18.0,53.0,0.0,Minnesota
788.0,2020-04-03,22.0,46.0,0.0,Minnesota
865.0,2020-04-04,24.0,77.0,0.0,Minnesota
935.0,2020-04-05,29.0,70.0,0.0,Minnesota
986.0,2020-04-06,30.0,51.0,0.0,Minnesota
1069.0,2020-04-07,34.0,83.0,0.0,Minnesota
1154.0,2020-04-08,39.0,85.0,0.0,Minnesota
1240.0,2020-04-09,50.0,86.0,0.0,Minnesota
2.0,2020-03-06,0.0,,0.0,Pennsylvania
2.0,2020-03-07,0.0,0.0,0.0,Pennsylvania
6.0,2020-03-08,0.0,4.0,0.0,Pennsylvania
7.0,2020-03-09,0.0,1.0,0.0,Pennsylvania
12.0,2020-03-10,0.0,5.0,0.0,Pennsylvania
16.0,2020-03-11,0.0,4.0,0.0,Pennsylvania
22.0,2020-03-12,0.0,6.0,0.0,Pennsylvania
41.0,2020-03-13,0.0,19.0,0.0,Pennsylvania
47.0,2020-03-14,0.0,6.0,0.0,Pennsylvania
66.0,2020-03-15,0.0,19.0,0.0,Pennsylvania
77.0,2020-03-16,0.0,11.0,0.0,Pennsylvania
112.0,2020-03-17,0.0,35.0,0.0,Pennsylvania
152.0,2020-03-18,0.0,40.0,0.0,Pennsylvania
206.0,2020-03-19,1.0,54.0,0.0,Pennsylvania
303.0,2020-03-20,1.0,97.0,0.0,Pennsylvania
396.0,2020-03-21,2.0,93.0,0.0,Pennsylvania
509.0,2020-03-22,4.0,113.0,0.0,Pennsylvania
698.0,2020-03-23,6.0,189.0,0.0,Pennsylvania
946.0,2020-03-24,8.0,248.0,0.0,Pennsylvania
1260.0,2020-03-25,15.0,314.0,0.0,Pennsylvania
1795.0,2020-03-26,18.0,535.0,0.0,Pennsylvania
2345.0,2020-03-27,22.0,550.0,0.0,Pennsylvania
2845.0,2020-03-28,34.0,500.0,0.0,Pennsylvania
3432.0,2020-03-29,41.0,587.0,0.0,Pennsylvania
4155.0,2020-03-30,50.0,723.0,0.0,Pennsylvania
4963.0,2020-03-31,63.0,808.0,0.0,Pennsylvania
6009.0,2020-04-01,74.0,1046.0,0.0,Pennsylvania
7268.0,2020-04-02,90.0,1259.0,0.0,Pennsylvania
8570.0,2020-04-03,102.0,1302.0,0.0,Pennsylvania
10444.0,2020-04-04,136.0,1874.0,0.0,Pennsylvania
11589.0,2020-04-05,151.0,1145.0,0.0,Pennsylvania
13127.0,2020-04-06,179.0,1538.0,0.0,Pennsylvania
14853.0,2020-04-07,247.0,1726.0,0.0,Pennsylvania
16631.0,2020-04-08,318.0,1778.0,0.0,Pennsylvania
18300.0,2020-04-09,345.0,1669.0,0.0,Pennsylvania
2.0,2020-03-07,0.0,,0.0,Connecticut
1.0,2020-03-08,0.0,0.0,0.0,Connecticut
1.0,2020-03-09,0.0,0.0,0.0,Connecticut
2.0,2020-03-10,0.0,1.0,0.0,Connecticut
3.0,2020-03-11,0.0,1.0,0.0,Connecticut
5.0,2020-03-12,0.0,2.0,0.0,Connecticut
11.0,2020-03-13,0.0,6.0,0.0,Connecticut
22.0,2020-03-14,0.0,11.0,0.0,Connecticut
24.0,2020-03-15,0.0,2.0,0.0,Connecticut
30.0,2020-03-16,0.0,6.0,0.0,Connecticut
68.0,2020-03-17,0.0,38.0,0.0,Connecticut
68.0,2020-03-18,0.0,0.0,0.0,Connecticut
159.0,2020-03-19,2.0,91.0,0.0,Connecticut
194.0,2020-03-20,3.0,35.0,0.0,Connecticut
194.0,2020-03-21,4.0,0.0,0.0,Connecticut
327.0,2020-03-22,8.0,133.0,0.0,Connecticut
415.0,2020-03-23,10.0,88.0,0.0,Connecticut
618.0,2020-03-24,12.0,203.0,0.0,Connecticut
875.0,2020-03-25,19.0,257.0,0.0,Connecticut
1012.0,2020-03-26,21.0,137.0,0.0,Connecticut
1291.0,2020-03-27,27.0,279.0,0.0,Connecticut
1524.0,2020-03-28,33.0,233.0,0.0,Connecticut
1993.0,2020-03-29,34.0,469.0,0.0,Connecticut
2571.0,2020-03-30,36.0,578.0,0.0,Connecticut
3128.0,2020-03-31,69.0,557.0,0.0,Connecticut
3557.0,2020-04-01,85.0,429.0,0.0,Connecticut
3824.0,2020-04-02,112.0,267.0,0.0,Connecticut
4914.0,2020-04-03,131.0,1090.0,0.0,Connecticut
5276.0,2020-04-04,165.0,362.0,0.0,Connecticut
5675.0,2020-04-05,189.0,399.0,0.0,Connecticut
6906.0,2020-04-06,206.0,1231.0,0.0,Connecticut
7781.0,2020-04-07,277.0,875.0,0.0,Connecticut
7781.0,2020-04-08,326.0,0.0,0.0,Connecticut
9784.0,2020-04-09,380.0,2003.0,0.0,Connecticut
1.0,2020-03-07,0.0,,0.0,Hawaii
1.0,2020-03-08,0.0,0.0,0.0,Hawaii
2.0,2020-03-09,0.0,1.0,0.0,Hawaii
2.0,2020-03-10,0.0,0.0,0.0,Hawaii
2.0,2020-03-11,0.0,0.0,0.0,Hawaii
2.0,2020-03-12,0.0,0.0,0.0,Hawaii
2.0,2020-03-13,0.0,0.0,0.0,Hawaii
4.0,2020-03-14,0.0,2.0,0.0,Hawaii
6.0,2020-03-15,0.0,2.0,0.0,Hawaii
7.0,2020-03-16,0.0,1.0,0.0,Hawaii
10.0,2020-03-17,0.0,3.0,0.0,Hawaii
14.0,2020-03-18,0.0,4.0,0.0,Hawaii
16.0,2020-03-19,0.0,2.0,0.0,Hawaii
26.0,2020-03-20,0.0,10.0,0.0,Hawaii
37.0,2020-03-21,0.0,11.0,0.0,Hawaii
53.0,2020-03-22,0.0,16.0,0.0,Hawaii
56.0,2020-03-23,0.0,3.0,0.0,Hawaii
90.0,2020-03-24,1.0,34.0,0.0,Hawaii
91.0,2020-03-25,0.0,1.0,0.0,Hawaii
95.0,2020-03-26,0.0,4.0,0.0,Hawaii
106.0,2020-03-27,0.0,11.0,0.0,Hawaii
149.0,2020-03-28,0.0,43.0,0.0,Hawaii
149.0,2020-03-29,0.0,0.0,0.0,Hawaii
175.0,2020-03-30,0.0,26.0,0.0,Hawaii
204.0,2020-03-31,0.0,29.0,0.0,Hawaii
224.0,2020-04-01,1.0,20.0,0.0,Hawaii
256.0,2020-04-02,1.0,32.0,0.0,Hawaii
319.0,2020-04-03,3.0,63.0,0.0,Hawaii
351.0,2020-04-04,3.0,32.0,0.0,Hawaii
371.0,2020-04-05,4.0,20.0,0.0,Hawaii
387.0,2020-04-06,5.0,16.0,0.0,Hawaii
410.0,2020-04-07,5.0,23.0,0.0,Hawaii
410.0,2020-04-08,5.0,0.0,0.0,Hawaii
442.0,2020-04-09,6.0,32.0,0.0,Hawaii
1.0,2020-03-07,0.0,,0.0,Oklahoma
1.0,2020-03-08,0.0,0.0,0.0,Oklahoma
1.0,2020-03-09,0.0,0.0,0.0,Oklahoma
2.0,2020-03-10,0.0,1.0,0.0,Oklahoma
2.0,2020-03-11,0.0,0.0,0.0,Oklahoma
2.0,2020-03-12,0.0,0.0,0.0,Oklahoma
2.0,2020-03-13,0.0,0.0,0.0,Oklahoma
4.0,2020-03-14,0.0,2.0,0.0,Oklahoma
7.0,2020-03-15,0.0,3.0,0.0,Oklahoma
10.0,2020-03-16,0.0,3.0,0.0,Oklahoma
19.0,2020-03-17,0.0,9.0,0.0,Oklahoma
19.0,2020-03-18,0.0,0.0,0.0,Oklahoma
44.0,2020-03-19,1.0,25.0,0.0,Oklahoma
49.0,2020-03-20,1.0,5.0,0.0,Oklahoma
53.0,2020-03-21,1.0,4.0,0.0,Oklahoma
67.0,2020-03-22,2.0,14.0,0.0,Oklahoma
81.0,2020-03-23,2.0,14.0,0.0,Oklahoma
106.0,2020-03-24,3.0,25.0,0.0,Oklahoma
164.0,2020-03-25,5.0,58.0,0.0,Oklahoma
248.0,2020-03-26,7.0,84.0,0.0,Oklahoma
322.0,2020-03-27,8.0,74.0,0.0,Oklahoma
377.0,2020-03-28,15.0,55.0,0.0,Oklahoma
429.0,2020-03-29,16.0,52.0,0.0,Oklahoma
481.0,2020-03-30,16.0,52.0,0.0,Oklahoma
568.0,2020-03-31,23.0,87.0,0.0,Oklahoma
721.0,2020-04-01,30.0,153.0,0.0,Oklahoma
881.0,2020-04-02,34.0,160.0,0.0,Oklahoma
990.0,2020-04-03,38.0,109.0,0.0,Oklahoma
1161.0,2020-04-04,42.0,171.0,0.0,Oklahoma
1254.0,2020-04-05,46.0,93.0,0.0,Oklahoma
1329.0,2020-04-06,51.0,75.0,0.0,Oklahoma
1474.0,2020-04-07,67.0,145.0,0.0,Oklahoma
1526.0,2020-04-08,79.0,52.0,0.0,Oklahoma
1686.0,2020-04-09,80.0,160.0,0.0,Oklahoma
2.0,2020-03-07,0.0,,0.0,South Carolina
2.0,2020-03-08,0.0,0.0,0.0,South Carolina
6.0,2020-03-09,0.0,4.0,0.0,South Carolina
7.0,2020-03-10,0.0,1.0,0.0,South Carolina
10.0,2020-03-11,0.0,3.0,0.0,South Carolina
12.0,2020-03-12,0.0,2.0,0.0,South Carolina
13.0,2020-03-13,0.0,1.0,0.0,South Carolina
19.0,2020-03-14,0.0,6.0,0.0,South Carolina
28.0,2020-03-15,0.0,9.0,0.0,South Carolina
33.0,2020-03-16,1.0,5.0,0.0,South Carolina
47.0,2020-03-17,1.0,14.0,0.0,South Carolina
47.0,2020-03-18,1.0,0.0,0.0,South Carolina
81.0,2020-03-19,1.0,34.0,0.0,South Carolina
126.0,2020-03-20,1.0,45.0,0.0,South Carolina
171.0,2020-03-21,3.0,45.0,0.0,South Carolina
196.0,2020-03-22,3.0,25.0,0.0,South Carolina
298.0,2020-03-23,5.0,102.0,0.0,South Carolina
342.0,2020-03-24,5.0,44.0,0.0,South Carolina
424.0,2020-03-25,7.0,82.0,0.0,South Carolina
424.0,2020-03-26,9.0,0.0,0.0,South Carolina
542.0,2020-03-27,13.0,118.0,0.0,South Carolina
660.0,2020-03-28,15.0,118.0,0.0,South Carolina
774.0,2020-03-29,16.0,114.0,0.0,South Carolina
925.0,2020-03-30,18.0,151.0,0.0,South Carolina
1083.0,2020-03-31,22.0,158.0,0.0,South Carolina
1293.0,2020-04-01,26.0,210.0,0.0,South Carolina
1554.0,2020-04-02,31.0,261.0,0.0,South Carolina
1700.0,2020-04-03,34.0,146.0,0.0,South Carolina
1917.0,2020-04-04,40.0,217.0,0.0,South Carolina
2049.0,2020-04-05,44.0,132.0,0.0,South Carolina
2232.0,2020-04-06,48.0,183.0,0.0,South Carolina
2417.0,2020-04-07,51.0,185.0,0.0,South Carolina
2417.0,2020-04-08,51.0,0.0,0.0,South Carolina
2793.0,2020-04-09,67.0,376.0,0.0,South Carolina
1.0,2020-03-07,0.0,,0.0,Utah
1.0,2020-03-08,0.0,0.0,0.0,Utah
1.0,2020-03-09,0.0,0.0,0.0,Utah
2.0,2020-03-10,0.0,1.0,0.0,Utah
3.0,2020-03-11,0.0,1.0,0.0,Utah
5.0,2020-03-12,0.0,2.0,0.0,Utah
9.0,2020-03-13,0.0,4.0,0.0,Utah
10.0,2020-03-14,0.0,1.0,0.0,Utah
28.0,2020-03-15,0.0,18.0,0.0,Utah
39.0,2020-03-16,0.0,11.0,0.0,Utah
51.0,2020-03-17,0.0,12.0,0.0,Utah
51.0,2020-03-18,0.0,0.0,0.0,Utah
80.0,2020-03-19,0.0,29.0,0.0,Utah
78.0,2020-03-20,0.0,0.0,0.0,Utah
136.0,2020-03-21,0.0,58.0,0.0,Utah
162.0,2020-03-22,1.0,26.0,0.0,Utah
257.0,2020-03-23,1.0,95.0,0.0,Utah
298.0,2020-03-24,1.0,41.0,0.0,Utah
340.0,2020-03-25,1.0,42.0,0.0,Utah
396.0,2020-03-26,1.0,56.0,0.0,Utah
472.0,2020-03-27,1.0,76.0,0.0,Utah
602.0,2020-03-28,1.0,130.0,0.0,Utah
720.0,2020-03-29,2.0,118.0,0.0,Utah
798.0,2020-03-30,4.0,78.0,0.0,Utah
888.0,2020-03-31,5.0,90.0,0.0,Utah
888.0,2020-04-01,5.0,0.0,0.0,Utah
1092.0,2020-04-02,7.0,204.0,0.0,Utah
1255.0,2020-04-03,7.0,163.0,0.0,Utah
1435.0,2020-04-04,8.0,180.0,0.0,Utah
1608.0,2020-04-05,8.0,173.0,0.0,Utah
1685.0,2020-04-06,13.0,77.0,0.0,Utah
1746.0,2020-04-07,13.0,61.0,0.0,Utah
1855.0,2020-04-08,13.0,109.0,0.0,Utah
1856.0,2020-04-09,13.0,1.0,0.0,Utah
2.0,2020-03-08,0.0,,0.0,District of Columbia
2.0,2020-03-09,0.0,0.0,0.0,District of Columbia
5.0,2020-03-10,0.0,3.0,0.0,District of Columbia
10.0,2020-03-11,0.0,5.0,0.0,District of Columbia
10.0,2020-03-12,0.0,0.0,0.0,District of Columbia
10.0,2020-03-13,0.0,0.0,0.0,District of Columbia
10.0,2020-03-14,0.0,0.0,0.0,District of Columbia
16.0,2020-03-15,0.0,6.0,0.0,District of Columbia
22.0,2020-03-16,0.0,6.0,0.0,District of Columbia
22.0,2020-03-17,0.0,0.0,0.0,District of Columbia
31.0,2020-03-18,0.0,9.0,0.0,District of Columbia
40.0,2020-03-19,0.0,9.0,0.0,District of Columbia
71.0,2020-03-20,1.0,31.0,0.0,District of Columbia
98.0,2020-03-21,1.0,27.0,0.0,District of Columbia
204.0,2020-03-22,2.0,106.0,0.0,District of Columbia
120.0,2020-03-23,2.0,0.0,0.0,District of Columbia
141.0,2020-03-24,2.0,21.0,0.0,District of Columbia
187.0,2020-03-25,2.0,46.0,0.0,District of Columbia
231.0,2020-03-26,3.0,44.0,0.0,District of Columbia
271.0,2020-03-27,3.0,40.0,0.0,District of Columbia
304.0,2020-03-28,4.0,33.0,0.0,District of Columbia
342.0,2020-03-29,5.0,38.0,0.0,District of Columbia
401.0,2020-03-30,9.0,59.0,0.0,District of Columbia
495.0,2020-03-31,9.0,94.0,0.0,District of Columbia
586.0,2020-04-01,9.0,91.0,0.0,District of Columbia
653.0,2020-04-02,12.0,67.0,0.0,District of Columbia
757.0,2020-04-03,15.0,104.0,0.0,District of Columbia
902.0,2020-04-04,21.0,145.0,0.0,District of Columbia
1002.0,2020-04-05,22.0,100.0,0.0,District of Columbia
1097.0,2020-04-06,24.0,95.0,0.0,District of Columbia
1211.0,2020-04-07,22.0,114.0,0.0,District of Columbia
1440.0,2020-04-08,27.0,229.0,0.0,District of Columbia
1523.0,2020-04-09,32.0,83.0,0.0,District of Columbia
1.0,2020-03-08,0.0,,0.0,Kansas
1.0,2020-03-09,0.0,0.0,0.0,Kansas
1.0,2020-03-10,0.0,0.0,0.0,Kansas
1.0,2020-03-11,0.0,0.0,0.0,Kansas
1.0,2020-03-12,0.0,0.0,0.0,Kansas
5.0,2020-03-13,1.0,4.0,0.0,Kansas
8.0,2020-03-14,1.0,3.0,0.0,Kansas
8.0,2020-03-15,1.0,0.0,0.0,Kansas
11.0,2020-03-16,1.0,3.0,0.0,Kansas
18.0,2020-03-17,1.0,7.0,0.0,Kansas
18.0,2020-03-18,1.0,0.0,0.0,Kansas
34.0,2020-03-19,1.0,16.0,0.0,Kansas
44.0,2020-03-20,1.0,10.0,0.0,Kansas
57.0,2020-03-21,2.0,13.0,0.0,Kansas
65.0,2020-03-22,2.0,8.0,0.0,Kansas
84.0,2020-03-23,2.0,19.0,0.0,Kansas
100.0,2020-03-24,2.0,16.0,0.0,Kansas
134.0,2020-03-25,3.0,34.0,0.0,Kansas
172.0,2020-03-26,3.0,38.0,0.0,Kansas
206.0,2020-03-27,4.0,34.0,0.0,Kansas
266.0,2020-03-28,4.0,60.0,0.0,Kansas
330.0,2020-03-29,7.0,64.0,0.0,Kansas
372.0,2020-03-30,8.0,42.0,0.0,Kansas
434.0,2020-03-31,9.0,62.0,0.0,Kansas
485.0,2020-04-01,10.0,51.0,0.0,Kansas
553.0,2020-04-02,12.0,68.0,0.0,Kansas
629.0,2020-04-03,18.0,76.0,0.0,Kansas
698.0,2020-04-04,21.0,69.0,0.0,Kansas
751.0,2020-04-05,22.0,53.0,0.0,Kansas
849.0,2020-04-06,25.0,98.0,0.0,Kansas
912.0,2020-04-07,29.0,63.0,0.0,Kansas
1046.0,2020-04-08,34.0,134.0,0.0,Kansas
1116.0,2020-04-09,42.0,70.0,0.0,Kansas
1.0,2020-03-08,0.0,,0.0,Missouri
1.0,2020-03-09,0.0,0.0,0.0,Missouri
1.0,2020-03-10,0.0,0.0,0.0,Missouri
1.0,2020-03-11,0.0,0.0,0.0,Missouri
1.0,2020-03-12,0.0,0.0,0.0,Missouri
2.0,2020-03-13,0.0,1.0,0.0,Missouri
4.0,2020-03-14,0.0,2.0,0.0,Missouri
5.0,2020-03-15,0.0,1.0,0.0,Missouri
6.0,2020-03-16,0.0,1.0,0.0,Missouri
11.0,2020-03-17,0.0,5.0,0.0,Missouri
18.0,2020-03-18,0.0,7.0,0.0,Missouri
31.0,2020-03-19,1.0,13.0,0.0,Missouri
53.0,2020-03-20,2.0,22.0,0.0,Missouri
74.0,2020-03-21,3.0,21.0,0.0,Missouri
87.0,2020-03-22,3.0,13.0,0.0,Missouri
187.0,2020-03-23,4.0,100.0,0.0,Missouri
257.0,2020-03-24,7.0,70.0,0.0,Missouri
354.0,2020-03-25,8.0,97.0,0.0,Missouri
520.0,2020-03-26,9.0,166.0,0.0,Missouri
666.0,2020-03-27,9.0,146.0,0.0,Missouri
836.0,2020-03-28,10.0,170.0,0.0,Missouri
915.0,2020-03-29,13.0,79.0,0.0,Missouri
1051.0,2020-03-30,13.0,136.0,0.0,Missouri
1357.0,2020-03-31,15.0,306.0,0.0,Missouri
1613.0,2020-04-01,18.0,256.0,0.0,Missouri
1857.0,2020-04-02,22.0,244.0,0.0,Missouri
1864.0,2020-04-03,25.0,7.0,0.0,Missouri
2310.0,2020-04-04,33.0,446.0,0.0,Missouri
2347.0,2020-04-05,44.0,37.0,0.0,Missouri
2736.0,2020-04-06,47.0,389.0,0.0,Missouri
3130.0,2020-04-07,65.0,394.0,0.0,Missouri
3209.0,2020-04-08,86.0,79.0,0.0,Missouri
3432.0,2020-04-09,93.0,223.0,0.0,Missouri
1.0,2020-03-08,0.0,,0.0,Vermont
1.0,2020-03-09,0.0,0.0,0.0,Vermont
1.0,2020-03-10,0.0,0.0,0.0,Vermont
1.0,2020-03-11,0.0,0.0,0.0,Vermont
2.0,2020-03-12,0.0,1.0,0.0,Vermont
2.0,2020-03-13,0.0,0.0,0.0,Vermont
5.0,2020-03-14,0.0,3.0,0.0,Vermont
8.0,2020-03-15,0.0,3.0,0.0,Vermont
12.0,2020-03-16,0.0,4.0,0.0,Vermont
12.0,2020-03-17,0.0,0.0,0.0,Vermont
18.0,2020-03-18,0.0,6.0,0.0,Vermont
22.0,2020-03-19,0.0,4.0,0.0,Vermont
29.0,2020-03-20,2.0,7.0,0.0,Vermont
29.0,2020-03-21,2.0,0.0,0.0,Vermont
52.0,2020-03-22,2.0,23.0,0.0,Vermont
75.0,2020-03-23,5.0,23.0,0.0,Vermont
95.0,2020-03-24,7.0,20.0,0.0,Vermont
125.0,2020-03-25,8.0,30.0,0.0,Vermont
158.0,2020-03-26,9.0,33.0,0.0,Vermont
184.0,2020-03-27,10.0,26.0,0.0,Vermont
211.0,2020-03-28,12.0,27.0,0.0,Vermont
235.0,2020-03-29,12.0,24.0,0.0,Vermont
256.0,2020-03-30,12.0,21.0,0.0,Vermont
293.0,2020-03-31,13.0,37.0,0.0,Vermont
321.0,2020-04-01,16.0,28.0,0.0,Vermont
338.0,2020-04-02,17.0,17.0,0.0,Vermont
389.0,2020-04-03,17.0,51.0,0.0,Vermont
461.0,2020-04-04,20.0,72.0,0.0,Vermont
512.0,2020-04-05,22.0,51.0,0.0,Vermont
543.0,2020-04-06,23.0,31.0,0.0,Vermont
575.0,2020-04-07,23.0,32.0,0.0,Vermont
605.0,2020-04-08,23.0,30.0,0.0,Vermont
628.0,2020-04-09,23.0,23.0,0.0,Vermont
2.0,2020-03-08,0.0,,0.0,Virginia
2.0,2020-03-09,0.0,0.0,0.0,Virginia
7.0,2020-03-10,0.0,5.0,0.0,Virginia
9.0,2020-03-11,0.0,2.0,0.0,Virginia
17.0,2020-03-12,0.0,8.0,0.0,Virginia
30.0,2020-03-13,0.0,13.0,0.0,Virginia
41.0,2020-03-14,1.0,11.0,0.0,Virginia
45.0,2020-03-15,1.0,4.0,0.0,Virginia
49.0,2020-03-16,1.0,4.0,0.0,Virginia
67.0,2020-03-17,2.0,18.0,0.0,Virginia
77.0,2020-03-18,2.0,10.0,0.0,Virginia
99.0,2020-03-19,2.0,22.0,0.0,Virginia
122.0,2020-03-20,2.0,23.0,0.0,Virginia
156.0,2020-03-21,2.0,34.0,0.0,Virginia
220.0,2020-03-22,6.0,64.0,0.0,Virginia
254.0,2020-03-23,6.0,34.0,0.0,Virginia
293.0,2020-03-24,9.0,39.0,0.0,Virginia
396.0,2020-03-25,9.0,103.0,0.0,Virginia
466.0,2020-03-26,10.0,70.0,0.0,Virginia
607.0,2020-03-27,10.0,141.0,0.0,Virginia
740.0,2020-03-28,13.0,133.0,0.0,Virginia
890.0,2020-03-29,20.0,150.0,0.0,Virginia
1020.0,2020-03-30,15.0,130.0,0.0,Virginia
1249.0,2020-03-31,27.0,229.0,0.0,Virginia
1483.0,2020-04-01,34.0,234.0,0.0,Virginia
1706.0,2020-04-02,41.0,223.0,0.0,Virginia
2012.0,2020-04-03,46.0,306.0,0.0,Virginia
2407.0,2020-04-04,52.0,395.0,0.0,Virginia
2640.0,2020-04-05,52.0,233.0,0.0,Virginia
2878.0,2020-04-06,66.0,238.0,0.0,Virginia
3335.0,2020-04-07,66.0,457.0,0.0,Virginia
3645.0,2020-04-08,66.0,310.0,0.0,Virginia
4042.0,2020-04-09,109.0,397.0,0.0,Virginia
3.0,2020-03-09,0.0,,0.0,Iowa
8.0,2020-03-10,0.0,5.0,0.0,Iowa
13.0,2020-03-11,0.0,5.0,0.0,Iowa
16.0,2020-03-12,0.0,3.0,0.0,Iowa
17.0,2020-03-13,0.0,1.0,0.0,Iowa
17.0,2020-03-14,0.0,0.0,0.0,Iowa
18.0,2020-03-15,0.0,1.0,0.0,Iowa
23.0,2020-03-16,0.0,5.0,0.0,Iowa
23.0,2020-03-17,0.0,0.0,0.0,Iowa
29.0,2020-03-18,0.0,6.0,0.0,Iowa
44.0,2020-03-19,0.0,15.0,0.0,Iowa
45.0,2020-03-20,0.0,1.0,0.0,Iowa
68.0,2020-03-21,0.0,23.0,0.0,Iowa
90.0,2020-03-22,0.0,22.0,0.0,Iowa
105.0,2020-03-23,0.0,15.0,0.0,Iowa
124.0,2020-03-24,0.0,19.0,0.0,Iowa
146.0,2020-03-25,1.0,22.0,0.0,Iowa
179.0,2020-03-26,1.0,33.0,0.0,Iowa
235.0,2020-03-27,3.0,56.0,0.0,Iowa
298.0,2020-03-28,3.0,63.0,0.0,Iowa
336.0,2020-03-29,4.0,38.0,0.0,Iowa
424.0,2020-03-30,6.0,88.0,0.0,Iowa
497.0,2020-03-31,7.0,73.0,0.0,Iowa
547.0,2020-04-01,9.0,50.0,0.0,Iowa
614.0,2020-04-02,11.0,67.0,0.0,Iowa
699.0,2020-04-03,11.0,85.0,0.0,Iowa
787.0,2020-04-04,14.0,88.0,0.0,Iowa
869.0,2020-04-05,18.0,82.0,0.0,Iowa
946.0,2020-04-06,25.0,77.0,0.0,Iowa
1046.0,2020-04-07,25.0,100.0,0.0,Iowa
1145.0,2020-04-08,27.0,99.0,0.0,Iowa
1270.0,2020-04-09,29.0,125.0,0.0,Iowa
1.0,2020-03-09,0.0,,0.0,Louisiana
1.0,2020-03-10,0.0,0.0,0.0,Louisiana
6.0,2020-03-11,0.0,5.0,0.0,Louisiana
19.0,2020-03-12,0.0,13.0,0.0,Louisiana
36.0,2020-03-13,0.0,17.0,0.0,Louisiana
77.0,2020-03-14,1.0,41.0,0.0,Louisiana
91.0,2020-03-15,2.0,14.0,0.0,Louisiana
136.0,2020-03-16,3.0,45.0,0.0,Louisiana
196.0,2020-03-17,4.0,60.0,0.0,Louisiana
257.0,2020-03-18,4.0,61.0,0.0,Louisiana
392.0,2020-03-19,10.0,135.0,0.0,Louisiana
538.0,2020-03-20,14.0,146.0,0.0,Louisiana
585.0,2020-03-21,16.0,47.0,0.0,Louisiana
837.0,2020-03-22,20.0,252.0,0.0,Louisiana
1172.0,2020-03-23,35.0,335.0,0.0,Louisiana
1388.0,2020-03-24,46.0,216.0,0.0,Louisiana
1795.0,2020-03-25,65.0,407.0,0.0,Louisiana
2304.0,2020-03-26,83.0,509.0,0.0,Louisiana
2744.0,2020-03-27,119.0,440.0,0.0,Louisiana
3315.0,2020-03-28,137.0,571.0,0.0,Louisiana
3540.0,2020-03-29,151.0,225.0,0.0,Louisiana
4025.0,2020-03-30,185.0,485.0,0.0,Louisiana
5237.0,2020-03-31,239.0,1212.0,0.0,Louisiana
6424.0,2020-04-01,273.0,1187.0,0.0,Louisiana
9149.0,2020-04-02,310.0,2725.0,0.0,Louisiana
10297.0,2020-04-03,370.0,1148.0,0.0,Louisiana
12496.0,2020-04-04,409.0,2199.0,0.0,Louisiana
13010.0,2020-04-05,477.0,514.0,0.0,Louisiana
14867.0,2020-04-06,512.0,1857.0,0.0,Louisiana
16284.0,2020-04-07,582.0,1417.0,0.0,Louisiana
17030.0,2020-04-08,652.0,746.0,0.0,Louisiana
18283.0,2020-04-09,702.0,1253.0,0.0,Louisiana
0.0,2020-03-10,0.0,,0.0,Alaska
0.0,2020-03-11,0.0,0.0,0.0,Alaska
0.0,2020-03-12,0.0,0.0,0.0,Alaska
1.0,2020-03-13,0.0,1.0,0.0,Alaska
1.0,2020-03-15,0.0,0.0,0.0,Alaska
1.0,2020-03-16,0.0,0.0,0.0,Alaska
3.0,2020-03-17,0.0,2.0,0.0,Alaska
6.0,2020-03-18,0.0,3.0,0.0,Alaska
9.0,2020-03-19,0.0,3.0,0.0,Alaska
12.0,2020-03-20,0.0,3.0,0.0,Alaska
15.0,2020-03-21,0.0,3.0,0.0,Alaska
20.0,2020-03-22,0.0,5.0,0.0,Alaska
30.0,2020-03-23,0.0,10.0,0.0,Alaska
34.0,2020-03-24,0.0,4.0,0.0,Alaska
41.0,2020-03-25,1.0,7.0,0.0,Alaska
56.0,2020-03-26,1.0,15.0,0.0,Alaska
58.0,2020-03-27,1.0,2.0,0.0,Alaska
85.0,2020-03-28,2.0,27.0,0.0,Alaska
102.0,2020-03-29,2.0,17.0,0.0,Alaska
114.0,2020-03-30,3.0,12.0,0.0,Alaska
119.0,2020-03-31,3.0,5.0,0.0,Alaska
132.0,2020-04-01,3.0,13.0,0.0,Alaska
143.0,2020-04-02,3.0,11.0,0.0,Alaska
157.0,2020-04-03,3.0,14.0,0.0,Alaska
171.0,2020-04-04,5.0,14.0,0.0,Alaska
185.0,2020-04-05,6.0,14.0,0.0,Alaska
190.0,2020-04-06,6.0,5.0,0.0,Alaska
213.0,2020-04-07,6.0,23.0,0.0,Alaska
226.0,2020-04-08,7.0,13.0,0.0,Alaska
235.0,2020-04-09,7.0,9.0,0.0,Alaska
0.0,2020-03-10,0.0,,0.0,Arkansas
1.0,2020-03-11,0.0,1.0,0.0,Arkansas
6.0,2020-03-12,0.0,5.0,0.0,Arkansas
6.0,2020-03-13,0.0,0.0,0.0,Arkansas
12.0,2020-03-14,0.0,6.0,0.0,Arkansas
16.0,2020-03-15,0.0,4.0,0.0,Arkansas
22.0,2020-03-16,0.0,6.0,0.0,Arkansas
22.0,2020-03-17,0.0,0.0,0.0,Arkansas
33.0,2020-03-18,0.0,11.0,0.0,Arkansas
62.0,2020-03-19,0.0,29.0,0.0,Arkansas
96.0,2020-03-20,0.0,34.0,0.0,Arkansas
122.0,2020-03-21,0.0,26.0,0.0,Arkansas
165.0,2020-03-22,0.0,43.0,0.0,Arkansas
192.0,2020-03-23,0.0,27.0,0.0,Arkansas
219.0,2020-03-24,2.0,27.0,0.0,Arkansas
280.0,2020-03-25,2.0,61.0,0.0,Arkansas
335.0,2020-03-26,2.0,55.0,0.0,Arkansas
381.0,2020-03-27,3.0,46.0,0.0,Arkansas
409.0,2020-03-28,5.0,28.0,0.0,Arkansas
426.0,2020-03-29,6.0,17.0,0.0,Arkansas
473.0,2020-03-30,7.0,47.0,0.0,Arkansas
523.0,2020-03-31,8.0,50.0,0.0,Arkansas
584.0,2020-04-01,10.0,61.0,0.0,Arkansas
643.0,2020-04-02,12.0,59.0,0.0,Arkansas
704.0,2020-04-03,12.0,61.0,0.0,Arkansas
743.0,2020-04-04,14.0,39.0,0.0,Arkansas
837.0,2020-04-05,16.0,94.0,0.0,Arkansas
875.0,2020-04-06,16.0,38.0,0.0,Arkansas
946.0,2020-04-07,18.0,71.0,0.0,Arkansas
1000.0,2020-04-08,18.0,54.0,0.0,Arkansas
1119.0,2020-04-09,21.0,119.0,0.0,Arkansas
0.0,2020-03-10,0.0,,0.0,Delaware
1.0,2020-03-11,0.0,1.0,0.0,Delaware
1.0,2020-03-12,0.0,0.0,0.0,Delaware
4.0,2020-03-13,0.0,3.0,0.0,Delaware
6.0,2020-03-14,0.0,2.0,0.0,Delaware
7.0,2020-03-15,0.0,1.0,0.0,Delaware
8.0,2020-03-16,0.0,1.0,0.0,Delaware
16.0,2020-03-17,0.0,8.0,0.0,Delaware
19.0,2020-03-18,0.0,3.0,0.0,Delaware
30.0,2020-03-19,0.0,11.0,0.0,Delaware
38.0,2020-03-20,0.0,8.0,0.0,Delaware
45.0,2020-03-21,0.0,7.0,0.0,Delaware
56.0,2020-03-22,0.0,11.0,0.0,Delaware
68.0,2020-03-23,0.0,12.0,0.0,Delaware
104.0,2020-03-24,0.0,36.0,0.0,Delaware
119.0,2020-03-25,0.0,15.0,0.0,Delaware
130.0,2020-03-26,1.0,11.0,0.0,Delaware
163.0,2020-03-27,2.0,33.0,0.0,Delaware
214.0,2020-03-28,5.0,51.0,0.0,Delaware
232.0,2020-03-29,6.0,18.0,0.0,Delaware
264.0,2020-03-30,6.0,32.0,0.0,Delaware
319.0,2020-03-31,10.0,55.0,0.0,Delaware
368.0,2020-04-01,11.0,49.0,0.0,Delaware
393.0,2020-04-02,12.0,25.0,0.0,Delaware
450.0,2020-04-03,14.0,57.0,0.0,Delaware
593.0,2020-04-04,14.0,143.0,0.0,Delaware
673.0,2020-04-05,14.0,80.0,0.0,Delaware
783.0,2020-04-06,15.0,110.0,0.0,Delaware
928.0,2020-04-07,16.0,145.0,0.0,Delaware
1116.0,2020-04-08,19.0,188.0,0.0,Delaware
1209.0,2020-04-09,23.0,93.0,0.0,Delaware
0.0,2020-03-10,0.0,,0.0,Idaho
0.0,2020-03-11,0.0,0.0,0.0,Idaho
0.0,2020-03-12,0.0,0.0,0.0,Idaho
1.0,2020-03-13,0.0,1.0,0.0,Idaho
2.0,2020-03-14,0.0,1.0,0.0,Idaho
5.0,2020-03-15,0.0,3.0,0.0,Idaho
5.0,2020-03-16,0.0,0.0,0.0,Idaho
8.0,2020-03-17,0.0,3.0,0.0,Idaho
9.0,2020-03-18,0.0,1.0,0.0,Idaho
11.0,2020-03-19,0.0,2.0,0.0,Idaho
23.0,2020-03-20,0.0,12.0,0.0,Idaho
36.0,2020-03-21,0.0,13.0,0.0,Idaho
42.0,2020-03-22,0.0,6.0,0.0,Idaho
68.0,2020-03-23,0.0,26.0,0.0,Idaho
81.0,2020-03-24,0.0,13.0,0.0,Idaho
91.0,2020-03-25,0.0,10.0,0.0,Idaho
146.0,2020-03-26,3.0,55.0,0.0,Idaho
205.0,2020-03-27,3.0,59.0,0.0,Idaho
234.0,2020-03-28,4.0,29.0,0.0,Idaho
281.0,2020-03-29,5.0,47.0,0.0,Idaho
340.0,2020-03-30,6.0,59.0,0.0,Idaho
515.0,2020-03-31,8.0,175.0,0.0,Idaho
566.0,2020-04-01,9.0,51.0,0.0,Idaho
776.0,2020-04-02,9.0,210.0,0.0,Idaho
891.0,2020-04-03,9.0,115.0,0.0,Idaho
1022.0,2020-04-04,10.0,131.0,0.0,Idaho
1078.0,2020-04-05,10.0,56.0,0.0,Idaho
1101.0,2020-04-06,10.0,23.0,0.0,Idaho
1170.0,2020-04-07,13.0,69.0,0.0,Idaho
1210.0,2020-04-08,15.0,40.0,0.0,Idaho
1232.0,2020-04-09,18.0,22.0,0.0,Idaho
0.0,2020-03-10,0.0,,0.0,Maine
0.0,2020-03-11,0.0,0.0,0.0,Maine
0.0,2020-03-12,0.0,0.0,0.0,Maine
1.0,2020-03-13,0.0,1.0,0.0,Maine
3.0,2020-03-14,0.0,2.0,0.0,Maine
12.0,2020-03-15,0.0,9.0,0.0,Maine
17.0,2020-03-16,0.0,5.0,0.0,Maine
32.0,2020-03-17,0.0,15.0,0.0,Maine
42.0,2020-03-18,0.0,10.0,0.0,Maine
52.0,2020-03-19,0.0,10.0,0.0,Maine
56.0,2020-03-20,0.0,4.0,0.0,Maine
70.0,2020-03-21,0.0,14.0,0.0,Maine
89.0,2020-03-22,0.0,19.0,0.0,Maine
107.0,2020-03-23,0.0,18.0,0.0,Maine
118.0,2020-03-24,0.0,11.0,0.0,Maine
142.0,2020-03-25,0.0,24.0,0.0,Maine
155.0,2020-03-26,0.0,13.0,0.0,Maine
168.0,2020-03-27,1.0,13.0,0.0,Maine
211.0,2020-03-28,1.0,43.0,0.0,Maine
253.0,2020-03-29,3.0,42.0,0.0,Maine
275.0,2020-03-30,3.0,22.0,0.0,Maine
303.0,2020-03-31,5.0,28.0,0.0,Maine
303.0,2020-04-01,5.0,0.0,0.0,Maine
376.0,2020-04-02,7.0,73.0,0.0,Maine
432.0,2020-04-03,9.0,56.0,0.0,Maine
456.0,2020-04-04,10.0,24.0,0.0,Maine
470.0,2020-04-05,10.0,14.0,0.0,Maine
499.0,2020-04-06,10.0,29.0,0.0,Maine
519.0,2020-04-07,12.0,20.0,0.0,Maine
537.0,2020-04-08,14.0,18.0,0.0,Maine
560.0,2020-04-09,16.0,23.0,0.0,Maine
0.0,2020-03-10,0.0,,0.0,Michigan
2.0,2020-03-11,0.0,2.0,0.0,Michigan
2.0,2020-03-12,0.0,0.0,0.0,Michigan
16.0,2020-03-13,0.0,14.0,0.0,Michigan
25.0,2020-03-14,0.0,9.0,0.0,Michigan
33.0,2020-03-15,0.0,8.0,0.0,Michigan
53.0,2020-03-16,0.0,20.0,0.0,Michigan
65.0,2020-03-17,0.0,12.0,0.0,Michigan
83.0,2020-03-18,0.0,18.0,0.0,Michigan
334.0,2020-03-19,3.0,251.0,0.0,Michigan
552.0,2020-03-20,3.0,218.0,0.0,Michigan
788.0,2020-03-21,5.0,236.0,0.0,Michigan
1035.0,2020-03-22,9.0,247.0,0.0,Michigan
1329.0,2020-03-23,15.0,294.0,0.0,Michigan
1793.0,2020-03-24,24.0,464.0,0.0,Michigan
2296.0,2020-03-25,43.0,503.0,0.0,Michigan
2845.0,2020-03-26,61.0,549.0,0.0,Michigan
3634.0,2020-03-27,92.0,789.0,0.0,Michigan
4650.0,2020-03-28,111.0,1016.0,0.0,Michigan
5488.0,2020-03-29,132.0,838.0,0.0,Michigan
6498.0,2020-03-30,184.0,1010.0,0.0,Michigan
7615.0,2020-03-31,259.0,1117.0,0.0,Michigan
9315.0,2020-04-01,335.0,1700.0,0.0,Michigan
10791.0,2020-04-02,417.0,1476.0,0.0,Michigan
12744.0,2020-04-03,479.0,1953.0,0.0,Michigan
14225.0,2020-04-04,540.0,1481.0,0.0,Michigan
15718.0,2020-04-05,617.0,1493.0,0.0,Michigan
17221.0,2020-04-06,727.0,1503.0,0.0,Michigan
18970.0,2020-04-07,845.0,1749.0,0.0,Michigan
20346.0,2020-04-08,959.0,1376.0,0.0,Michigan
21504.0,2020-04-09,1076.0,1158.0,0.0,Michigan
0.0,2020-03-10,0.0,,0.0,Mississippi
0.0,2020-03-11,0.0,0.0,0.0,Mississippi
1.0,2020-03-12,0.0,1.0,0.0,Mississippi
1.0,2020-03-13,0.0,0.0,0.0,Mississippi
6.0,2020-03-14,0.0,5.0,0.0,Mississippi
10.0,2020-03-15,0.0,4.0,0.0,Mississippi
13.0,2020-03-16,0.0,3.0,0.0,Mississippi
21.0,2020-03-17,0.0,8.0,0.0,Mississippi
34.0,2020-03-18,0.0,13.0,0.0,Mississippi
50.0,2020-03-19,1.0,16.0,0.0,Mississippi
80.0,2020-03-20,1.0,30.0,0.0,Mississippi
140.0,2020-03-21,1.0,60.0,0.0,Mississippi
207.0,2020-03-22,1.0,67.0,0.0,Mississippi
249.0,2020-03-23,1.0,42.0,0.0,Mississippi
320.0,2020-03-24,1.0,71.0,0.0,Mississippi
377.0,2020-03-25,3.0,57.0,0.0,Mississippi
485.0,2020-03-26,6.0,108.0,0.0,Mississippi
579.0,2020-03-27,8.0,94.0,0.0,Mississippi
663.0,2020-03-28,13.0,84.0,0.0,Mississippi
759.0,2020-03-29,14.0,96.0,0.0,Mississippi
847.0,2020-03-30,16.0,88.0,0.0,Mississippi
937.0,2020-03-31,20.0,90.0,0.0,Mississippi
1073.0,2020-04-01,22.0,136.0,0.0,Mississippi
1177.0,2020-04-02,26.0,104.0,0.0,Mississippi
1358.0,2020-04-03,29.0,181.0,0.0,Mississippi
1455.0,2020-04-04,35.0,97.0,0.0,Mississippi
1638.0,2020-04-05,43.0,183.0,0.0,Mississippi
1738.0,2020-04-06,51.0,100.0,0.0,Mississippi
1915.0,2020-04-07,60.0,177.0,0.0,Mississippi
2003.0,2020-04-08,67.0,88.0,0.0,Mississippi
2260.0,2020-04-09,76.0,257.0,0.0,Mississippi
0.0,2020-03-10,0.0,,0.0,Montana
1.0,2020-03-11,0.0,1.0,0.0,Montana
1.0,2020-03-12,0.0,0.0,0.0,Montana
1.0,2020-03-13,0.0,0.0,0.0,Montana
5.0,2020-03-14,0.0,4.0,0.0,Montana
7.0,2020-03-15,0.0,2.0,0.0,Montana
7.0,2020-03-16,0.0,0.0,0.0,Montana
9.0,2020-03-17,0.0,2.0,0.0,Montana
11.0,2020-03-18,0.0,2.0,0.0,Montana
11.0,2020-03-19,0.0,0.0,0.0,Montana
15.0,2020-03-20,0.0,4.0,0.0,Montana
21.0,2020-03-21,0.0,6.0,0.0,Montana
34.0,2020-03-22,0.0,13.0,0.0,Montana
34.0,2020-03-23,0.0,0.0,0.0,Montana
51.0,2020-03-24,0.0,17.0,0.0,Montana
65.0,2020-03-25,0.0,14.0,0.0,Montana
90.0,2020-03-26,0.0,25.0,0.0,Montana
109.0,2020-03-27,1.0,19.0,0.0,Montana
129.0,2020-03-28,1.0,20.0,0.0,Montana
154.0,2020-03-29,1.0,25.0,0.0,Montana
171.0,2020-03-30,5.0,17.0,0.0,Montana
198.0,2020-03-31,5.0,27.0,0.0,Montana
208.0,2020-04-01,6.0,10.0,0.0,Montana
241.0,2020-04-02,6.0,33.0,0.0,Montana
243.0,2020-04-03,5.0,2.0,0.0,Montana
265.0,2020-04-04,6.0,22.0,0.0,Montana
286.0,2020-04-05,6.0,21.0,0.0,Montana
299.0,2020-04-06,6.0,13.0,0.0,Montana
319.0,2020-04-07,6.0,20.0,0.0,Montana
332.0,2020-04-08,6.0,13.0,0.0,Montana
354.0,2020-04-09,6.0,22.0,0.0,Montana
0.0,2020-03-10,0.0,,0.0,New Mexico
3.0,2020-03-11,0.0,3.0,0.0,New Mexico
5.0,2020-03-12,0.0,2.0,0.0,New Mexico
10.0,2020-03-13,0.0,5.0,0.0,New Mexico
10.0,2020-03-14,0.0,0.0,0.0,New Mexico
13.0,2020-03-15,0.0,3.0,0.0,New Mexico
17.0,2020-03-16,0.0,4.0,0.0,New Mexico
23.0,2020-03-17,0.0,6.0,0.0,New Mexico
23.0,2020-03-18,0.0,0.0,0.0,New Mexico
35.0,2020-03-19,0.0,12.0,0.0,New Mexico
43.0,2020-03-20,0.0,8.0,0.0,New Mexico
43.0,2020-03-21,0.0,0.0,0.0,New Mexico
57.0,2020-03-22,0.0,14.0,0.0,New Mexico
83.0,2020-03-23,0.0,26.0,0.0,New Mexico
100.0,2020-03-24,0.0,17.0,0.0,New Mexico
113.0,2020-03-25,1.0,13.0,0.0,New Mexico
113.0,2020-03-26,1.0,0.0,0.0,New Mexico
136.0,2020-03-27,1.0,23.0,0.0,New Mexico
208.0,2020-03-28,1.0,72.0,0.0,New Mexico
237.0,2020-03-29,2.0,29.0,0.0,New Mexico
237.0,2020-03-30,2.0,0.0,0.0,New Mexico
315.0,2020-03-31,4.0,78.0,0.0,New Mexico
340.0,2020-04-01,5.0,25.0,0.0,New Mexico
388.0,2020-04-02,6.0,48.0,0.0,New Mexico
534.0,2020-04-03,10.0,146.0,0.0,New Mexico
534.0,2020-04-04,10.0,0.0,0.0,New Mexico
670.0,2020-04-05,12.0,136.0,0.0,New Mexico
757.0,2020-04-06,12.0,87.0,0.0,New Mexico
876.0,2020-04-07,13.0,119.0,0.0,New Mexico
902.0,2020-04-08,13.0,26.0,0.0,New Mexico
865.0,2020-04-09,16.0,0.0,0.0,New Mexico
0.0,2020-03-10,0.0,,0.0,North Dakota
0.0,2020-03-11,0.0,0.0,0.0,North Dakota
1.0,2020-03-12,0.0,1.0,0.0,North Dakota
1.0,2020-03-13,0.0,0.0,0.0,North Dakota
1.0,2020-03-14,0.0,0.0,0.0,North Dakota
1.0,2020-03-15,0.0,0.0,0.0,North Dakota
1.0,2020-03-16,0.0,0.0,0.0,North Dakota
3.0,2020-03-17,0.0,2.0,0.0,North Dakota
6.0,2020-03-18,0.0,3.0,0.0,North Dakota
18.0,2020-03-19,0.0,12.0,0.0,North Dakota
19.0,2020-03-20,0.0,1.0,0.0,North Dakota
28.0,2020-03-21,0.0,9.0,0.0,North Dakota
28.0,2020-03-22,0.0,0.0,0.0,North Dakota
30.0,2020-03-23,0.0,2.0,0.0,North Dakota
36.0,2020-03-24,0.0,6.0,0.0,North Dakota
45.0,2020-03-25,0.0,9.0,0.0,North Dakota
51.0,2020-03-26,0.0,6.0,0.0,North Dakota
68.0,2020-03-27,1.0,17.0,0.0,North Dakota
94.0,2020-03-28,1.0,26.0,0.0,North Dakota
98.0,2020-03-29,1.0,4.0,0.0,North Dakota
109.0,2020-03-30,2.0,11.0,0.0,North Dakota
122.0,2020-03-31,3.0,13.0,0.0,North Dakota
142.0,2020-04-01,3.0,20.0,0.0,North Dakota
159.0,2020-04-02,3.0,17.0,0.0,North Dakota
173.0,2020-04-03,3.0,14.0,0.0,North Dakota
186.0,2020-04-04,3.0,13.0,0.0,North Dakota
207.0,2020-04-05,3.0,21.0,0.0,North Dakota
225.0,2020-04-06,3.0,18.0,0.0,North Dakota
237.0,2020-04-07,4.0,12.0,0.0,North Dakota
251.0,2020-04-08,4.0,14.0,0.0,North Dakota
269.0,2020-04-09,5.0,18.0,0.0,North Dakota
3.0,2020-03-10,0.0,,0.0,Ohio
4.0,2020-03-11,0.0,1.0,0.0,Ohio
5.0,2020-03-12,0.0,1.0,0.0,Ohio
13.0,2020-03-13,0.0,8.0,0.0,Ohio
26.0,2020-03-14,0.0,13.0,0.0,Ohio
37.0,2020-03-15,0.0,11.0,0.0,Ohio
50.0,2020-03-16,0.0,13.0,0.0,Ohio
67.0,2020-03-17,0.0,17.0,0.0,Ohio
86.0,2020-03-18,0.0,19.0,0.0,Ohio
119.0,2020-03-19,0.0,33.0,0.0,Ohio
173.0,2020-03-20,2.0,54.0,0.0,Ohio
248.0,2020-03-21,3.0,75.0,0.0,Ohio
356.0,2020-03-22,3.0,108.0,0.0,Ohio
443.0,2020-03-23,6.0,87.0,0.0,Ohio
567.0,2020-03-24,8.0,124.0,0.0,Ohio
704.0,2020-03-25,11.0,137.0,0.0,Ohio
868.0,2020-03-26,15.0,164.0,0.0,Ohio
1137.0,2020-03-27,19.0,269.0,0.0,Ohio
1406.0,2020-03-28,25.0,269.0,0.0,Ohio
1653.0,2020-03-29,29.0,247.0,0.0,Ohio
1933.0,2020-03-30,40.0,280.0,0.0,Ohio
2199.0,2020-03-31,55.0,266.0,0.0,Ohio
2547.0,2020-04-01,65.0,348.0,0.0,Ohio
2901.0,2020-04-02,81.0,354.0,0.0,Ohio
3312.0,2020-04-03,91.0,411.0,0.0,Ohio
3739.0,2020-04-04,102.0,427.0,0.0,Ohio
4043.0,2020-04-05,119.0,304.0,0.0,Ohio
4453.0,2020-04-06,142.0,410.0,0.0,Ohio
4782.0,2020-04-07,167.0,329.0,0.0,Ohio
5148.0,2020-04-08,193.0,366.0,0.0,Ohio
5512.0,2020-04-09,213.0,364.0,0.0,Ohio
0.0,2020-03-10,0.0,,0.0,South Dakota
8.0,2020-03-11,1.0,8.0,0.0,South Dakota
8.0,2020-03-12,1.0,0.0,0.0,South Dakota
8.0,2020-03-13,1.0,0.0,0.0,South Dakota
9.0,2020-03-14,1.0,1.0,0.0,South Dakota
9.0,2020-03-15,1.0,0.0,0.0,South Dakota
10.0,2020-03-16,1.0,1.0,0.0,South Dakota
11.0,2020-03-17,1.0,1.0,0.0,South Dakota
11.0,2020-03-18,1.0,0.0,0.0,South Dakota
11.0,2020-03-19,1.0,0.0,0.0,South Dakota
14.0,2020-03-20,1.0,3.0,0.0,South Dakota
14.0,2020-03-21,1.0,0.0,0.0,South Dakota
21.0,2020-03-22,1.0,7.0,0.0,South Dakota
28.0,2020-03-23,1.0,7.0,0.0,South Dakota
30.0,2020-03-24,1.0,2.0,0.0,South Dakota
41.0,2020-03-25,1.0,11.0,0.0,South Dakota
46.0,2020-03-26,1.0,5.0,0.0,South Dakota
58.0,2020-03-27,1.0,12.0,0.0,South Dakota
68.0,2020-03-28,1.0,10.0,0.0,South Dakota
90.0,2020-03-29,1.0,22.0,0.0,South Dakota
101.0,2020-03-30,1.0,11.0,0.0,South Dakota
108.0,2020-03-31,1.0,7.0,0.0,South Dakota
129.0,2020-04-01,2.0,21.0,0.0,South Dakota
165.0,2020-04-02,2.0,36.0,0.0,South Dakota
187.0,2020-04-03,2.0,22.0,0.0,South Dakota
212.0,2020-04-04,2.0,25.0,0.0,South Dakota
240.0,2020-04-05,2.0,28.0,0.0,South Dakota
288.0,2020-04-06,4.0,48.0,0.0,South Dakota
320.0,2020-04-07,6.0,32.0,0.0,South Dakota
393.0,2020-04-08,6.0,73.0,0.0,South Dakota
447.0,2020-04-09,6.0,54.0,0.0,South Dakota
0.0,2020-03-10,0.0,,0.0,West Virginia
0.0,2020-03-11,0.0,0.0,0.0,West Virginia
0.0,2020-03-12,0.0,0.0,0.0,West Virginia
0.0,2020-03-13,0.0,0.0,0.0,West Virginia
0.0,2020-03-14,0.0,0.0,0.0,West Virginia
0.0,2020-03-15,0.0,0.0,0.0,West Virginia
0.0,2020-03-16,0.0,0.0,0.0,West Virginia
1.0,2020-03-17,0.0,1.0,0.0,West Virginia
1.0,2020-03-18,0.0,0.0,0.0,West Virginia
2.0,2020-03-19,0.0,1.0,0.0,West Virginia
7.0,2020-03-20,0.0,5.0,0.0,West Virginia
8.0,2020-03-21,0.0,1.0,0.0,West Virginia
16.0,2020-03-22,0.0,8.0,0.0,West Virginia
16.0,2020-03-23,0.0,0.0,0.0,West Virginia
22.0,2020-03-24,0.0,6.0,0.0,West Virginia
39.0,2020-03-25,0.0,17.0,0.0,West Virginia
52.0,2020-03-26,0.0,13.0,0.0,West Virginia
76.0,2020-03-27,0.0,24.0,0.0,West Virginia
96.0,2020-03-28,0.0,20.0,0.0,West Virginia
113.0,2020-03-29,0.0,17.0,0.0,West Virginia
145.0,2020-03-30,1.0,32.0,0.0,West Virginia
162.0,2020-03-31,1.0,17.0,0.0,West Virginia
191.0,2020-04-01,1.0,29.0,0.0,West Virginia
216.0,2020-04-02,2.0,25.0,0.0,West Virginia
237.0,2020-04-03,2.0,21.0,0.0,West Virginia
282.0,2020-04-04,2.0,45.0,0.0,West Virginia
324.0,2020-04-05,3.0,42.0,0.0,West Virginia
345.0,2020-04-06,4.0,21.0,0.0,West Virginia
412.0,2020-04-07,4.0,67.0,0.0,West Virginia
483.0,2020-04-08,4.0,71.0,0.0,West Virginia
514.0,2020-04-09,5.0,31.0,0.0,West Virginia
0.0,2020-03-10,0.0,,0.0,Wyoming
0.0,2020-03-11,0.0,0.0,0.0,Wyoming
1.0,2020-03-12,0.0,1.0,0.0,Wyoming
1.0,2020-03-13,0.0,0.0,0.0,Wyoming
2.0,2020-03-14,0.0,1.0,0.0,Wyoming
3.0,2020-03-15,0.0,1.0,0.0,Wyoming
3.0,2020-03-16,0.0,0.0,0.0,Wyoming
11.0,2020-03-17,0.0,8.0,0.0,Wyoming
15.0,2020-03-18,0.0,4.0,0.0,Wyoming
18.0,2020-03-19,0.0,3.0,0.0,Wyoming
19.0,2020-03-20,0.0,1.0,0.0,Wyoming
23.0,2020-03-21,0.0,4.0,0.0,Wyoming
26.0,2020-03-22,0.0,3.0,0.0,Wyoming
26.0,2020-03-23,0.0,0.0,0.0,Wyoming
29.0,2020-03-24,0.0,3.0,0.0,Wyoming
44.0,2020-03-25,0.0,15.0,0.0,Wyoming
53.0,2020-03-26,0.0,9.0,0.0,Wyoming
70.0,2020-03-27,0.0,17.0,0.0,Wyoming
82.0,2020-03-28,0.0,12.0,0.0,Wyoming
86.0,2020-03-29,0.0,4.0,0.0,Wyoming
94.0,2020-03-30,0.0,8.0,0.0,Wyoming
109.0,2020-03-31,0.0,15.0,0.0,Wyoming
130.0,2020-04-01,0.0,21.0,0.0,Wyoming
150.0,2020-04-02,0.0,20.0,0.0,Wyoming
162.0,2020-04-03,0.0,12.0,0.0,Wyoming
187.0,2020-04-04,0.0,25.0,0.0,Wyoming
197.0,2020-04-05,0.0,10.0,0.0,Wyoming
210.0,2020-04-06,0.0,13.0,0.0,Wyoming
216.0,2020-04-07,0.0,6.0,0.0,Wyoming
221.0,2020-04-08,0.0,5.0,0.0,Wyoming
230.0,2020-04-09,0.0,9.0,0.0,Wyoming
5.0,2020-03-13,0.0,,0.0,Alabama
6.0,2020-03-14,0.0,1.0,0.0,Alabama
12.0,2020-03-15,0.0,6.0,0.0,Alabama
29.0,2020-03-16,0.0,17.0,0.0,Alabama
39.0,2020-03-17,0.0,10.0,0.0,Alabama
46.0,2020-03-18,0.0,7.0,0.0,Alabama
78.0,2020-03-19,0.0,32.0,0.0,Alabama
83.0,2020-03-20,0.0,5.0,0.0,Alabama
131.0,2020-03-21,0.0,48.0,0.0,Alabama
157.0,2020-03-22,0.0,26.0,0.0,Alabama
196.0,2020-03-23,0.0,39.0,0.0,Alabama
242.0,2020-03-24,0.0,46.0,0.0,Alabama
381.0,2020-03-25,1.0,139.0,0.0,Alabama
517.0,2020-03-26,1.0,136.0,0.0,Alabama
587.0,2020-03-27,4.0,70.0,0.0,Alabama
694.0,2020-03-28,4.0,107.0,0.0,Alabama
825.0,2020-03-29,10.0,131.0,0.0,Alabama
899.0,2020-03-30,10.0,74.0,0.0,Alabama
987.0,2020-03-31,23.0,88.0,0.0,Alabama
1060.0,2020-04-01,27.0,73.0,0.0,Alabama
1233.0,2020-04-02,32.0,173.0,0.0,Alabama
1495.0,2020-04-03,38.0,262.0,0.0,Alabama
1614.0,2020-04-04,44.0,119.0,0.0,Alabama
1765.0,2020-04-05,45.0,151.0,0.0,Alabama
1952.0,2020-04-06,49.0,187.0,0.0,Alabama
2169.0,2020-04-07,64.0,217.0,0.0,Alabama
2328.0,2020-04-08,66.0,159.0,0.0,Alabama
2703.0,2020-04-09,70.0,375.0,0.0,Alabama
3.0,2020-03-14,0.0,,0.0,Puerto Rico
5.0,2020-03-15,0.0,2.0,0.0,Puerto Rico
5.0,2020-03-16,0.0,0.0,0.0,Puerto Rico
5.0,2020-03-17,0.0,0.0,0.0,Puerto Rico
5.0,2020-03-18,0.0,0.0,0.0,Puerto Rico
5.0,2020-03-19,0.0,0.0,0.0,Puerto Rico
14.0,2020-03-20,0.0,9.0,0.0,Puerto Rico
21.0,2020-03-21,1.0,7.0,0.0,Puerto Rico
23.0,2020-03-22,1.0,2.0,0.0,Puerto Rico
31.0,2020-03-23,2.0,8.0,0.0,Puerto Rico
39.0,2020-03-24,2.0,8.0,0.0,Puerto Rico
51.0,2020-03-25,2.0,12.0,0.0,Puerto Rico
64.0,2020-03-26,2.0,13.0,0.0,Puerto Rico
79.0,2020-03-27,3.0,15.0,0.0,Puerto Rico
100.0,2020-03-28,3.0,21.0,0.0,Puerto Rico
127.0,2020-03-29,3.0,27.0,0.0,Puerto Rico
174.0,2020-03-30,6.0,47.0,0.0,Puerto Rico
239.0,2020-03-31,8.0,65.0,0.0,Puerto Rico
286.0,2020-04-01,11.0,47.0,0.0,Puerto Rico
316.0,2020-04-02,12.0,30.0,0.0,Puerto Rico
316.0,2020-04-03,15.0,0.0,0.0,Puerto Rico
452.0,2020-04-04,18.0,136.0,0.0,Puerto Rico
475.0,2020-04-05,20.0,23.0,0.0,Puerto Rico
513.0,2020-04-06,21.0,38.0,0.0,Puerto Rico
573.0,2020-04-07,23.0,60.0,0.0,Puerto Rico
620.0,2020-04-08,24.0,47.0,0.0,Puerto Rico
683.0,2020-04-09,33.0,63.0,0.0,Puerto Rico
3.0,2020-03-15,0.0,,0.0,Guam
3.0,2020-03-16,0.0,0.0,0.0,Guam
3.0,2020-03-17,0.0,0.0,0.0,Guam
5.0,2020-03-18,0.0,2.0,0.0,Guam
12.0,2020-03-19,0.0,7.0,0.0,Guam
14.0,2020-03-20,0.0,2.0,0.0,Guam
15.0,2020-03-21,0.0,1.0,0.0,Guam
27.0,2020-03-22,1.0,12.0,0.0,Guam
29.0,2020-03-23,1.0,2.0,0.0,Guam
32.0,2020-03-24,1.0,3.0,0.0,Guam
37.0,2020-03-25,1.0,5.0,0.0,Guam
45.0,2020-03-26,1.0,8.0,0.0,Guam
51.0,2020-03-27,1.0,6.0,0.0,Guam
55.0,2020-03-28,1.0,4.0,0.0,Guam
56.0,2020-03-29,1.0,1.0,0.0,Guam
58.0,2020-03-30,1.0,2.0,0.0,Guam
69.0,2020-03-31,2.0,11.0,0.0,Guam
77.0,2020-04-01,3.0,8.0,0.0,Guam
82.0,2020-04-02,3.0,5.0,0.0,Guam
84.0,2020-04-03,4.0,2.0,0.0,Guam
93.0,2020-04-04,4.0,9.0,0.0,Guam
112.0,2020-04-05,4.0,19.0,0.0,Guam
113.0,2020-04-06,4.0,1.0,0.0,Guam
121.0,2020-04-07,4.0,8.0,0.0,Guam
121.0,2020-04-08,4.0,0.0,0.0,Guam
128.0,2020-04-09,4.0,7.0,0.0,Guam
1.0,2020-03-16,0.0,,0.0,Virgin Islands
2.0,2020-03-17,0.0,1.0,0.0,Virgin Islands
2.0,2020-03-18,0.0,0.0,0.0,Virgin Islands
3.0,2020-03-19,0.0,1.0,0.0,Virgin Islands
6.0,2020-03-22,0.0,3.0,0.0,Virgin Islands
7.0,2020-03-23,0.0,1.0,0.0,Virgin Islands
17.0,2020-03-24,0.0,10.0,0.0,Virgin Islands
17.0,2020-03-25,0.0,0.0,0.0,Virgin Islands
17.0,2020-03-26,0.0,0.0,0.0,Virgin Islands
19.0,2020-03-27,0.0,2.0,0.0,Virgin Islands
22.0,2020-03-28,0.0,3.0,0.0,Virgin Islands
23.0,2020-03-29,0.0,1.0,0.0,Virgin Islands
30.0,2020-03-30,0.0,7.0,0.0,Virgin Islands
30.0,2020-03-31,0.0,0.0,0.0,Virgin Islands
30.0,2020-04-01,0.0,0.0,0.0,Virgin Islands
30.0,2020-04-02,0.0,0.0,0.0,Virgin Islands
37.0,2020-04-03,0.0,7.0,0.0,Virgin Islands
40.0,2020-04-04,0.0,3.0,0.0,Virgin Islands
42.0,2020-04-05,1.0,2.0,0.0,Virgin Islands
43.0,2020-04-06,1.0,1.0,0.0,Virgin Islands
43.0,2020-04-07,1.0,0.0,0.0,Virgin Islands
45.0,2020-04-08,1.0,2.0,0.0,Virgin Islands
45.0,2020-04-09,1.0,0.0,0.0,Virgin Islands
1.0,2020-03-18,0.0,,106.0,US
1.0,2020-03-19,0.0,0.0,108.0,US
1.0,2020-03-20,0.0,0.0,147.0,US
1.0,2020-03-21,0.0,0.0,171.0,US
2.0,2020-03-18,0.0,,0.0,United States Virgin Islands
2.0,2020-03-19,0.0,0.0,0.0,United States Virgin Islands
3.0,2020-03-20,0.0,1.0,0.0,United States Virgin Islands
6.0,2020-03-21,0.0,3.0,0.0,United States Virgin Islands
0.0,2020-03-22,0.0,,0.0,American Samoa
0.0,2020-03-23,0.0,0.0,0.0,American Samoa
0.0,2020-03-24,0.0,0.0,0.0,American Samoa
0.0,2020-03-25,0.0,0.0,0.0,American Samoa
0.0,2020-03-26,0.0,0.0,0.0,American Samoa
0.0,2020-03-27,0.0,0.0,0.0,American Samoa
0.0,2020-03-28,0.0,0.0,0.0,American Samoa
0.0,2020-03-29,0.0,0.0,0.0,American Samoa
0.0,2020-03-30,0.0,0.0,0.0,American Samoa
0.0,2020-03-22,0.0,,0.0,Northern Mariana Islands
0.0,2020-03-23,0.0,0.0,0.0,Northern Mariana Islands
0.0,2020-03-24,0.0,0.0,0.0,Northern Mariana Islands
0.0,2020-03-25,0.0,0.0,0.0,Northern Mariana Islands
0.0,2020-03-26,0.0,0.0,0.0,Northern Mariana Islands
0.0,2020-03-27,0.0,0.0,0.0,Northern Mariana Islands
0.0,2020-03-28,0.0,0.0,0.0,Northern Mariana Islands
0.0,2020-03-29,0.0,0.0,0.0,Northern Mariana Islands
0.0,2020-03-30,0.0,0.0,0.0,Northern Mariana Islands
2.0,2020-03-31,0.0,2.0,0.0,Northern Mariana Islands
6.0,2020-04-01,1.0,4.0,0.0,Northern Mariana Islands
6.0,2020-04-02,1.0,0.0,0.0,Northern Mariana Islands
8.0,2020-04-03,1.0,2.0,0.0,Northern Mariana Islands
8.0,2020-04-04,1.0,0.0,0.0,Northern Mariana Islands
8.0,2020-04-05,1.0,0.0,0.0,Northern Mariana Islands
8.0,2020-04-06,1.0,0.0,0.0,Northern Mariana Islands
8.0,2020-04-07,2.0,0.0,0.0,Northern Mariana Islands
11.0,2020-04-08,2.0,3.0,0.0,Northern Mariana Islands
11.0,2020-04-09,2.0,0.0,0.0,Northern Mariana Islands
4.0,2020-03-22,0.0,,0.0,Wuhan Evacuee
4.0,2020-03-23,0.0,0.0,0.0,Wuhan Evacuee
4.0,2020-03-24,0.0,0.0,0.0,Wuhan Evacuee
0.0,2020-03-24,0.0,,348.0,Recovered
0.0,2020-03-25,0.0,0.0,361.0,Recovered
0.0,2020-03-26,0.0,0.0,681.0,Recovered
0.0,2020-03-27,0.0,0.0,869.0,Recovered
0.0,2020-03-28,0.0,0.0,1072.0,Recovered
0.0,2020-03-29,0.0,0.0,2665.0,Recovered
0.0,2020-03-30,0.0,0.0,5644.0,Recovered
0.0,2020-03-31,0.0,0.0,7024.0,Recovered
0.0,2020-04-01,0.0,0.0,8474.0,Recovered
0.0,2020-04-02,0.0,0.0,9001.0,Recovered
0.0,2020-04-03,0.0,0.0,9707.0,Recovered
0.0,2020-04-04,0.0,0.0,14652.0,Recovered
0.0,2020-04-05,0.0,0.0,17448.0,Recovered
0.0,2020-04-06,0.0,0.0,19581.0,Recovered
0.0,2020-04-07,0.0,0.0,21763.0,Recovered
0.0,2020-04-08,0.0,0.0,23559.0,Recovered
0.0,2020-04-09,0.0,0.0,25410.0,Recovered
