,Date,State,Confirmed,Recovered,Deaths
0,2020-03-01,Arizona,1.0,1.0,0.0
1,2020-03-01,California,12.0,2.0,0.0
2,2020-03-01,Illinois,3.0,2.0,0.0
3,2020-03-01,Massachusetts,1.0,1.0,0.0
4,2020-03-01,Oregon,1.0,0.0,0.0
5,2020-03-01,Rhode Island,1.0,0.0,0.0
6,2020-03-01,Texas,1.0,0.0,0.0
7,2020-03-01,Washington,11.0,1.0,1.0
8,2020-03-01,Wisconsin,1.0,0.0,0.0
9,2020-03-02,Arizona,1.0,1.0,0.0
10,2020-03-02,California,21.0,2.0,0.0
11,2020-03-02,Florida,2.0,0.0,0.0
12,2020-03-02,Illinois,4.0,2.0,0.0
13,2020-03-02,Massachusetts,1.0,1.0,0.0
14,2020-03-02,New Hampshire,1.0,0.0,0.0
15,2020-03-02,New York,1.0,0.0,0.0
16,2020-03-02,Oregon,3.0,0.0,0.0
17,2020-03-02,Rhode Island,2.0,0.0,0.0
18,2020-03-02,Texas,1.0,0.0,0.0
19,2020-03-02,Washington,18.0,1.0,6.0
20,2020-03-02,Wisconsin,1.0,0.0,0.0
21,2020-03-03,Arizona,2.0,1.0,0.0
22,2020-03-03,California,25.0,2.0,0.0
23,2020-03-03,Florida,3.0,0.0,0.0
24,2020-03-03,Georgia,2.0,0.0,0.0
25,2020-03-03,Illinois,4.0,2.0,0.0
26,2020-03-03,Massachusetts,2.0,1.0,0.0
27,2020-03-03,New Hampshire,2.0,0.0,0.0
28,2020-03-03,New York,2.0,0.0,0.0
29,2020-03-03,North Carolina,1.0,0.0,0.0
30,2020-03-03,Oregon,3.0,0.0,0.0
31,2020-03-03,Rhode Island,2.0,0.0,0.0
32,2020-03-03,Texas,1.0,0.0,0.0
33,2020-03-03,Washington,27.0,1.0,7.0
34,2020-03-03,Wisconsin,1.0,1.0,0.0
35,2020-03-04,Arizona,2.0,1.0,0.0
36,2020-03-04,California,35.0,2.0,1.0
37,2020-03-04,Florida,3.0,0.0,0.0
38,2020-03-04,Georgia,2.0,0.0,0.0
39,2020-03-04,Illinois,4.0,2.0,0.0
40,2020-03-04,Massachusetts,2.0,1.0,0.0
41,2020-03-04,New Hampshire,2.0,0.0,0.0
42,2020-03-04,New York,11.0,0.0,0.0
43,2020-03-04,North Carolina,1.0,0.0,0.0
44,2020-03-04,Oregon,3.0,0.0,0.0
45,2020-03-04,Rhode Island,2.0,0.0,0.0
46,2020-03-04,Texas,1.0,0.0,0.0
47,2020-03-04,Washington,39.0,1.0,10.0
48,2020-03-04,Wisconsin,1.0,1.0,0.0
49,2020-03-05,Arizona,2.0,1.0,0.0
50,2020-03-05,California,51.0,2.0,1.0
51,2020-03-05,Florida,4.0,0.0,0.0
52,2020-03-05,Georgia,2.0,0.0,0.0
53,2020-03-05,Illinois,5.0,2.0,0.0
54,2020-03-05,Massachusetts,2.0,1.0,0.0
55,2020-03-05,Nevada,1.0,0.0,0.0
56,2020-03-05,New Hampshire,2.0,0.0,0.0
57,2020-03-05,New Jersey,2.0,0.0,0.0
58,2020-03-05,New York,23.0,0.0,0.0
59,2020-03-05,North Carolina,1.0,0.0,0.0
60,2020-03-05,Oregon,3.0,0.0,0.0
61,2020-03-05,Rhode Island,2.0,0.0,0.0
62,2020-03-05,Tennessee,1.0,0.0,0.0
63,2020-03-05,Texas,4.0,0.0,0.0
64,2020-03-05,Washington,70.0,1.0,11.0
65,2020-03-05,Wisconsin,1.0,1.0,0.0
66,2020-03-06,Arizona,3.0,1.0,0.0
67,2020-03-06,California,59.0,2.0,1.0
68,2020-03-06,Colorado,4.0,0.0,0.0
69,2020-03-06,Florida,4.0,0.0,0.0
70,2020-03-06,Georgia,3.0,0.0,0.0
71,2020-03-06,Illinois,5.0,2.0,0.0
72,2020-03-06,Indiana,1.0,0.0,0.0
73,2020-03-06,Kentucky,1.0,0.0,0.0
74,2020-03-06,Maryland,3.0,0.0,0.0
75,2020-03-06,Massachusetts,7.0,1.0,0.0
76,2020-03-06,Minnesota,1.0,0.0,0.0
77,2020-03-06,Nebraska,1.0,0.0,0.0
78,2020-03-06,Nevada,2.0,0.0,0.0
79,2020-03-06,New Hampshire,2.0,0.0,0.0
80,2020-03-06,New Jersey,2.0,0.0,0.0
81,2020-03-06,New York,36.0,0.0,0.0
82,2020-03-06,North Carolina,2.0,0.0,0.0
83,2020-03-06,Oregon,3.0,0.0,0.0
84,2020-03-06,Pennsylvania,2.0,0.0,0.0
85,2020-03-06,Rhode Island,2.0,0.0,0.0
86,2020-03-06,Tennessee,1.0,0.0,0.0
87,2020-03-06,Texas,5.0,0.0,0.0
88,2020-03-06,Washington,83.0,1.0,13.0
89,2020-03-06,Wisconsin,1.0,1.0,0.0
90,2020-03-07,Arizona,5.0,1.0,0.0
91,2020-03-07,California,82.0,2.0,1.0
92,2020-03-07,Colorado,8.0,0.0,0.0
93,2020-03-07,Connecticut,2.0,0.0,0.0
94,2020-03-07,Florida,8.0,0.0,0.0
95,2020-03-07,Georgia,6.0,0.0,0.0
96,2020-03-07,Hawaii,1.0,0.0,0.0
97,2020-03-07,Illinois,6.0,2.0,0.0
98,2020-03-07,Indiana,1.0,0.0,0.0
99,2020-03-07,Kentucky,1.0,0.0,0.0
100,2020-03-07,Maryland,3.0,0.0,0.0
101,2020-03-07,Massachusetts,7.0,1.0,0.0
102,2020-03-07,Minnesota,1.0,0.0,0.0
103,2020-03-07,Nebraska,1.0,0.0,0.0
104,2020-03-07,Nevada,2.0,0.0,0.0
105,2020-03-07,New Hampshire,2.0,0.0,0.0
106,2020-03-07,New Jersey,4.0,0.0,0.0
107,2020-03-07,New York,76.0,0.0,0.0
108,2020-03-07,North Carolina,2.0,0.0,0.0
109,2020-03-07,Oklahoma,1.0,0.0,0.0
110,2020-03-07,Oregon,6.0,0.0,0.0
111,2020-03-07,Pennsylvania,2.0,0.0,0.0
112,2020-03-07,Rhode Island,3.0,0.0,0.0
113,2020-03-07,South Carolina,2.0,0.0,0.0
114,2020-03-07,Tennessee,1.0,0.0,0.0
115,2020-03-07,Texas,9.0,0.0,0.0
116,2020-03-07,Utah,1.0,0.0,0.0
117,2020-03-07,Washington,107.0,1.0,16.0
118,2020-03-07,Wisconsin,1.0,1.0,0.0
119,2020-03-08,Arizona,5.0,1.0,0.0
120,2020-03-08,California,98.0,2.0,1.0
121,2020-03-08,Colorado,8.0,0.0,0.0
122,2020-03-08,Connecticut,1.0,0.0,0.0
123,2020-03-08,District of Columbia,2.0,0.0,0.0
124,2020-03-08,Florida,11.0,0.0,2.0
125,2020-03-08,Georgia,5.0,0.0,0.0
126,2020-03-08,Hawaii,1.0,0.0,0.0
127,2020-03-08,Illinois,7.0,2.0,0.0
128,2020-03-08,Indiana,2.0,0.0,0.0
129,2020-03-08,Kansas,1.0,0.0,0.0
130,2020-03-08,Kentucky,1.0,0.0,0.0
131,2020-03-08,Maryland,5.0,0.0,0.0
132,2020-03-08,Massachusetts,24.0,1.0,0.0
133,2020-03-08,Minnesota,1.0,0.0,0.0
134,2020-03-08,Missouri,1.0,0.0,0.0
135,2020-03-08,Nebraska,1.0,0.0,0.0
136,2020-03-08,Nevada,4.0,0.0,0.0
137,2020-03-08,New Hampshire,6.0,0.0,0.0
138,2020-03-08,New Jersey,5.0,0.0,0.0
139,2020-03-08,New York,106.0,0.0,0.0
140,2020-03-08,North Carolina,2.0,0.0,0.0
141,2020-03-08,Oklahoma,1.0,0.0,0.0
142,2020-03-08,Oregon,14.0,0.0,0.0
143,2020-03-08,Pennsylvania,6.0,0.0,0.0
144,2020-03-08,Rhode Island,3.0,0.0,0.0
145,2020-03-08,South Carolina,2.0,0.0,0.0
146,2020-03-08,Tennessee,3.0,0.0,0.0
147,2020-03-08,Texas,12.0,0.0,0.0
148,2020-03-08,Utah,1.0,0.0,0.0
149,2020-03-08,Vermont,1.0,0.0,0.0
150,2020-03-08,Virginia,2.0,0.0,0.0
151,2020-03-08,Washington,128.0,1.0,18.0
152,2020-03-08,Wisconsin,1.0,1.0,0.0
153,2020-03-09,Arizona,5.0,1.0,0.0
154,2020-03-09,California,104.0,2.0,1.0
155,2020-03-09,Colorado,8.0,0.0,0.0
156,2020-03-09,Connecticut,1.0,0.0,0.0
157,2020-03-09,District of Columbia,2.0,0.0,0.0
158,2020-03-09,Florida,14.0,0.0,2.0
159,2020-03-09,Georgia,10.0,0.0,0.0
160,2020-03-09,Hawaii,2.0,0.0,0.0
161,2020-03-09,Illinois,7.0,2.0,0.0
162,2020-03-09,Indiana,3.0,0.0,0.0
163,2020-03-09,Iowa,3.0,0.0,0.0
164,2020-03-09,Kansas,1.0,0.0,0.0
165,2020-03-09,Kentucky,4.0,0.0,0.0
166,2020-03-09,Louisiana,1.0,0.0,0.0
167,2020-03-09,Maryland,5.0,0.0,0.0
168,2020-03-09,Massachusetts,24.0,1.0,0.0
169,2020-03-09,Minnesota,2.0,0.0,0.0
170,2020-03-09,Missouri,1.0,0.0,0.0
171,2020-03-09,Nebraska,3.0,0.0,0.0
172,2020-03-09,Nevada,4.0,0.0,0.0
173,2020-03-09,New Hampshire,5.0,0.0,0.0
174,2020-03-09,New Jersey,5.0,0.0,0.0
175,2020-03-09,New York,142.0,0.0,0.0
176,2020-03-09,North Carolina,2.0,0.0,0.0
177,2020-03-09,Oklahoma,1.0,0.0,0.0
178,2020-03-09,Oregon,14.0,0.0,0.0
179,2020-03-09,Pennsylvania,7.0,0.0,0.0
180,2020-03-09,Rhode Island,3.0,0.0,0.0
181,2020-03-09,South Carolina,6.0,0.0,0.0
182,2020-03-09,Tennessee,3.0,0.0,0.0
183,2020-03-09,Texas,14.0,0.0,0.0
184,2020-03-09,Utah,1.0,0.0,0.0
185,2020-03-09,Vermont,1.0,0.0,0.0
186,2020-03-09,Virginia,2.0,0.0,0.0
187,2020-03-09,Washington,128.0,1.0,19.0
188,2020-03-09,Wisconsin,1.0,1.0,0.0
189,2020-03-10,Alaska,0.0,0.0,0.0
190,2020-03-10,Arizona,6.0,1.0,0.0
191,2020-03-10,Arkansas,0.0,0.0,0.0
192,2020-03-10,California,144.0,2.0,2.0
193,2020-03-10,Colorado,15.0,0.0,0.0
194,2020-03-10,Connecticut,2.0,0.0,0.0
195,2020-03-10,Delaware,0.0,0.0,0.0
196,2020-03-10,District of Columbia,5.0,0.0,0.0
197,2020-03-10,Florida,15.0,0.0,2.0
198,2020-03-10,Georgia,17.0,0.0,0.0
199,2020-03-10,Hawaii,2.0,0.0,0.0
200,2020-03-10,Idaho,0.0,0.0,0.0
201,2020-03-10,Illinois,12.0,2.0,0.0
202,2020-03-10,Indiana,6.0,0.0,0.0
203,2020-03-10,Iowa,8.0,0.0,0.0
204,2020-03-10,Kansas,1.0,0.0,0.0
205,2020-03-10,Kentucky,6.0,0.0,0.0
206,2020-03-10,Louisiana,1.0,0.0,0.0
207,2020-03-10,Maine,0.0,0.0,0.0
208,2020-03-10,Maryland,8.0,0.0,0.0
209,2020-03-10,Massachusetts,92.0,1.0,0.0
210,2020-03-10,Michigan,0.0,0.0,0.0
211,2020-03-10,Minnesota,3.0,0.0,0.0
212,2020-03-10,Mississippi,0.0,0.0,0.0
213,2020-03-10,Missouri,1.0,0.0,0.0
214,2020-03-10,Montana,0.0,0.0,0.0
215,2020-03-10,Nebraska,3.0,0.0,0.0
216,2020-03-10,Nevada,4.0,0.0,0.0
217,2020-03-10,New Hampshire,4.0,0.0,0.0
218,2020-03-10,New Jersey,15.0,0.0,1.0
219,2020-03-10,New Mexico,0.0,0.0,0.0
220,2020-03-10,New York,173.0,0.0,0.0
221,2020-03-10,North Carolina,7.0,0.0,0.0
222,2020-03-10,North Dakota,0.0,0.0,0.0
223,2020-03-10,Ohio,3.0,0.0,0.0
224,2020-03-10,Oklahoma,2.0,0.0,0.0
225,2020-03-10,Oregon,15.0,0.0,0.0
226,2020-03-10,Pennsylvania,12.0,0.0,0.0
227,2020-03-10,Rhode Island,3.0,0.0,0.0
228,2020-03-10,South Carolina,7.0,0.0,0.0
229,2020-03-10,South Dakota,0.0,0.0,0.0
230,2020-03-10,Tennessee,7.0,0.0,0.0
231,2020-03-10,Texas,13.0,0.0,0.0
232,2020-03-10,Utah,2.0,0.0,0.0
233,2020-03-10,Vermont,1.0,0.0,0.0
234,2020-03-10,Virginia,7.0,0.0,0.0
235,2020-03-10,Washington,267.0,1.0,23.0
236,2020-03-10,West Virginia,0.0,0.0,0.0
237,2020-03-10,Wisconsin,3.0,1.0,0.0
238,2020-03-10,Wyoming,0.0,0.0,0.0
239,2020-03-11,Alaska,0.0,0.0,0.0
240,2020-03-11,Arizona,9.0,1.0,0.0
241,2020-03-11,Arkansas,1.0,0.0,0.0
242,2020-03-11,California,177.0,2.0,3.0
243,2020-03-11,Colorado,34.0,0.0,0.0
244,2020-03-11,Connecticut,3.0,0.0,0.0
245,2020-03-11,Delaware,1.0,0.0,0.0
246,2020-03-11,District of Columbia,10.0,0.0,0.0
247,2020-03-11,Florida,28.0,0.0,2.0
248,2020-03-11,Georgia,23.0,0.0,0.0
249,2020-03-11,Hawaii,2.0,0.0,0.0
250,2020-03-11,Idaho,0.0,0.0,0.0
251,2020-03-11,Illinois,25.0,2.0,0.0
252,2020-03-11,Indiana,11.0,0.0,0.0
253,2020-03-11,Iowa,13.0,0.0,0.0
254,2020-03-11,Kansas,1.0,0.0,0.0
255,2020-03-11,Kentucky,8.0,0.0,0.0
256,2020-03-11,Louisiana,6.0,0.0,0.0
257,2020-03-11,Maine,0.0,0.0,0.0
258,2020-03-11,Maryland,9.0,0.0,0.0
259,2020-03-11,Massachusetts,95.0,1.0,0.0
260,2020-03-11,Michigan,2.0,0.0,0.0
261,2020-03-11,Minnesota,5.0,0.0,0.0
262,2020-03-11,Mississippi,0.0,0.0,0.0
263,2020-03-11,Missouri,1.0,0.0,0.0
264,2020-03-11,Montana,1.0,0.0,0.0
265,2020-03-11,Nebraska,5.0,0.0,0.0
266,2020-03-11,Nevada,7.0,0.0,0.0
267,2020-03-11,New Hampshire,5.0,0.0,0.0
268,2020-03-11,New Jersey,23.0,0.0,1.0
269,2020-03-11,New Mexico,3.0,0.0,0.0
270,2020-03-11,New York,220.0,0.0,0.0
271,2020-03-11,North Carolina,7.0,0.0,0.0
272,2020-03-11,North Dakota,0.0,0.0,0.0
273,2020-03-11,Ohio,4.0,0.0,0.0
274,2020-03-11,Oklahoma,2.0,0.0,0.0
275,2020-03-11,Oregon,19.0,0.0,0.0
276,2020-03-11,Pennsylvania,16.0,0.0,0.0
277,2020-03-11,Rhode Island,5.0,0.0,0.0
278,2020-03-11,South Carolina,10.0,0.0,0.0
279,2020-03-11,South Dakota,8.0,0.0,1.0
280,2020-03-11,Tennessee,9.0,0.0,0.0
281,2020-03-11,Texas,21.0,0.0,0.0
282,2020-03-11,Utah,3.0,0.0,0.0
283,2020-03-11,Vermont,1.0,0.0,0.0
284,2020-03-11,Virginia,9.0,0.0,0.0
285,2020-03-11,Washington,366.0,1.0,29.0
286,2020-03-11,West Virginia,0.0,0.0,0.0
287,2020-03-11,Wisconsin,6.0,1.0,0.0
288,2020-03-11,Wyoming,0.0,0.0,0.0
289,2020-03-12,Alaska,0.0,0.0,0.0
290,2020-03-12,Arizona,9.0,1.0,0.0
291,2020-03-12,Arkansas,6.0,0.0,0.0
292,2020-03-12,California,221.0,6.0,4.0
293,2020-03-12,Colorado,45.0,0.0,0.0
294,2020-03-12,Connecticut,5.0,0.0,0.0
295,2020-03-12,Delaware,1.0,0.0,0.0
296,2020-03-12,District of Columbia,10.0,0.0,0.0
297,2020-03-12,Florida,35.0,0.0,2.0
298,2020-03-12,Georgia,31.0,0.0,1.0
299,2020-03-12,Hawaii,2.0,0.0,0.0
300,2020-03-12,Idaho,0.0,0.0,0.0
301,2020-03-12,Illinois,32.0,2.0,0.0
302,2020-03-12,Indiana,13.0,0.0,0.0
303,2020-03-12,Iowa,16.0,0.0,0.0
304,2020-03-12,Kansas,1.0,0.0,0.0
305,2020-03-12,Kentucky,10.0,0.0,0.0
306,2020-03-12,Louisiana,19.0,0.0,0.0
307,2020-03-12,Maine,0.0,0.0,0.0
308,2020-03-12,Maryland,12.0,0.0,0.0
309,2020-03-12,Massachusetts,108.0,1.0,0.0
310,2020-03-12,Michigan,2.0,0.0,0.0
311,2020-03-12,Minnesota,9.0,0.0,0.0
312,2020-03-12,Mississippi,1.0,0.0,0.0
313,2020-03-12,Missouri,1.0,0.0,0.0
314,2020-03-12,Montana,1.0,0.0,0.0
315,2020-03-12,Nebraska,10.0,0.0,0.0
316,2020-03-12,Nevada,14.0,0.0,0.0
317,2020-03-12,New Hampshire,6.0,0.0,0.0
318,2020-03-12,New Jersey,29.0,0.0,1.0
319,2020-03-12,New Mexico,5.0,0.0,0.0
320,2020-03-12,New York,328.0,0.0,0.0
321,2020-03-12,North Carolina,15.0,0.0,0.0
322,2020-03-12,North Dakota,1.0,0.0,0.0
323,2020-03-12,Ohio,5.0,0.0,0.0
324,2020-03-12,Oklahoma,2.0,0.0,0.0
325,2020-03-12,Oregon,24.0,0.0,0.0
326,2020-03-12,Pennsylvania,22.0,0.0,0.0
327,2020-03-12,Rhode Island,5.0,0.0,0.0
328,2020-03-12,South Carolina,12.0,0.0,0.0
329,2020-03-12,South Dakota,8.0,0.0,1.0
330,2020-03-12,Tennessee,18.0,0.0,0.0
331,2020-03-12,Texas,27.0,0.0,0.0
332,2020-03-12,Utah,5.0,0.0,0.0
333,2020-03-12,Vermont,2.0,0.0,0.0
334,2020-03-12,Virginia,17.0,0.0,0.0
335,2020-03-12,Washington,442.0,1.0,31.0
336,2020-03-12,West Virginia,0.0,0.0,0.0
337,2020-03-12,Wisconsin,8.0,1.0,0.0
338,2020-03-12,Wyoming,1.0,0.0,0.0
339,2020-03-13,Alabama,5.0,0.0,0.0
340,2020-03-13,Alaska,1.0,0.0,0.0
341,2020-03-13,Arizona,9.0,1.0,0.0
342,2020-03-13,Arkansas,6.0,0.0,0.0
343,2020-03-13,California,282.0,6.0,4.0
344,2020-03-13,Colorado,49.0,0.0,0.0
345,2020-03-13,Connecticut,11.0,0.0,0.0
346,2020-03-13,Delaware,4.0,0.0,0.0
347,2020-03-13,District of Columbia,10.0,0.0,0.0
348,2020-03-13,Florida,50.0,0.0,2.0
349,2020-03-13,Georgia,42.0,0.0,1.0
350,2020-03-13,Hawaii,2.0,0.0,0.0
351,2020-03-13,Idaho,1.0,0.0,0.0
352,2020-03-13,Illinois,46.0,2.0,0.0
353,2020-03-13,Indiana,13.0,0.0,0.0
354,2020-03-13,Iowa,17.0,0.0,0.0
355,2020-03-13,Kansas,5.0,0.0,1.0
356,2020-03-13,Kentucky,14.0,0.0,0.0
357,2020-03-13,Louisiana,36.0,0.0,0.0
358,2020-03-13,Maine,1.0,0.0,0.0
359,2020-03-13,Maryland,18.0,0.0,0.0
360,2020-03-13,Massachusetts,123.0,1.0,0.0
361,2020-03-13,Michigan,16.0,0.0,0.0
362,2020-03-13,Minnesota,14.0,0.0,0.0
363,2020-03-13,Mississippi,1.0,0.0,0.0
364,2020-03-13,Missouri,2.0,0.0,0.0
365,2020-03-13,Montana,1.0,0.0,0.0
366,2020-03-13,Nebraska,13.0,0.0,0.0
367,2020-03-13,Nevada,17.0,0.0,0.0
368,2020-03-13,New Hampshire,6.0,0.0,0.0
369,2020-03-13,New Jersey,29.0,0.0,1.0
370,2020-03-13,New Mexico,10.0,0.0,0.0
371,2020-03-13,New York,421.0,0.0,0.0
372,2020-03-13,North Carolina,17.0,0.0,0.0
373,2020-03-13,North Dakota,1.0,0.0,0.0
374,2020-03-13,Ohio,13.0,0.0,0.0
375,2020-03-13,Oklahoma,2.0,0.0,0.0
376,2020-03-13,Oregon,30.0,0.0,0.0
377,2020-03-13,Pennsylvania,41.0,0.0,0.0
378,2020-03-13,Rhode Island,14.0,0.0,0.0
379,2020-03-13,South Carolina,13.0,0.0,0.0
380,2020-03-13,South Dakota,8.0,0.0,1.0
381,2020-03-13,Tennessee,26.0,0.0,0.0
382,2020-03-13,Texas,43.0,0.0,0.0
383,2020-03-13,Utah,9.0,0.0,0.0
384,2020-03-13,Vermont,2.0,0.0,0.0
385,2020-03-13,Virginia,30.0,0.0,0.0
386,2020-03-13,Washington,568.0,1.0,37.0
387,2020-03-13,West Virginia,0.0,0.0,0.0
388,2020-03-13,Wisconsin,19.0,1.0,0.0
389,2020-03-13,Wyoming,1.0,0.0,0.0
390,2020-03-14,Alabama,6.0,0.0,0.0
391,2020-03-14,Arizona,12.0,1.0,0.0
392,2020-03-14,Arkansas,12.0,0.0,0.0
393,2020-03-14,California,340.0,6.0,5.0
394,2020-03-14,Colorado,101.0,0.0,1.0
395,2020-03-14,Connecticut,22.0,0.0,0.0
396,2020-03-14,Delaware,6.0,0.0,0.0
397,2020-03-14,District of Columbia,10.0,0.0,0.0
398,2020-03-14,Florida,76.0,0.0,3.0
399,2020-03-14,Georgia,66.0,0.0,1.0
400,2020-03-14,Hawaii,4.0,0.0,0.0
401,2020-03-14,Idaho,2.0,0.0,0.0
402,2020-03-14,Illinois,64.0,2.0,0.0
403,2020-03-14,Indiana,16.0,0.0,0.0
404,2020-03-14,Iowa,17.0,0.0,0.0
405,2020-03-14,Kansas,8.0,0.0,1.0
406,2020-03-14,Kentucky,14.0,0.0,0.0
407,2020-03-14,Louisiana,77.0,0.0,1.0
408,2020-03-14,Maine,3.0,0.0,0.0
409,2020-03-14,Maryland,26.0,0.0,0.0
410,2020-03-14,Massachusetts,138.0,1.0,0.0
411,2020-03-14,Michigan,25.0,0.0,0.0
412,2020-03-14,Minnesota,21.0,0.0,0.0
413,2020-03-14,Mississippi,6.0,0.0,0.0
414,2020-03-14,Missouri,4.0,0.0,0.0
415,2020-03-14,Montana,5.0,0.0,0.0
416,2020-03-14,Nebraska,14.0,0.0,0.0
417,2020-03-14,Nevada,21.0,0.0,0.0
418,2020-03-14,New Hampshire,7.0,0.0,0.0
419,2020-03-14,New Jersey,69.0,0.0,1.0
420,2020-03-14,New Mexico,10.0,0.0,0.0
421,2020-03-14,New York,525.0,0.0,2.0
422,2020-03-14,North Carolina,24.0,0.0,0.0
423,2020-03-14,North Dakota,1.0,0.0,0.0
424,2020-03-14,Ohio,26.0,0.0,0.0
425,2020-03-14,Oklahoma,4.0,0.0,0.0
426,2020-03-14,Oregon,32.0,0.0,0.0
427,2020-03-14,Pennsylvania,47.0,0.0,0.0
428,2020-03-14,Puerto Rico,3.0,0.0,0.0
429,2020-03-14,Rhode Island,20.0,0.0,0.0
430,2020-03-14,South Carolina,19.0,0.0,0.0
431,2020-03-14,South Dakota,9.0,0.0,1.0
432,2020-03-14,Tennessee,32.0,0.0,0.0
433,2020-03-14,Texas,57.0,0.0,0.0
434,2020-03-14,Utah,10.0,0.0,0.0
435,2020-03-14,Vermont,5.0,0.0,0.0
436,2020-03-14,Virginia,41.0,0.0,1.0
437,2020-03-14,Washington,572.0,1.0,37.0
438,2020-03-14,West Virginia,0.0,0.0,0.0
439,2020-03-14,Wisconsin,27.0,1.0,0.0
440,2020-03-14,Wyoming,2.0,0.0,0.0
441,2020-03-15,Alabama,12.0,0.0,0.0
442,2020-03-15,Alaska,1.0,0.0,0.0
443,2020-03-15,Arizona,13.0,1.0,0.0
444,2020-03-15,Arkansas,16.0,0.0,0.0
445,2020-03-15,California,426.0,6.0,6.0
446,2020-03-15,Colorado,131.0,0.0,1.0
447,2020-03-15,Connecticut,24.0,0.0,0.0
448,2020-03-15,Delaware,7.0,0.0,0.0
449,2020-03-15,District of Columbia,16.0,0.0,0.0
450,2020-03-15,Florida,115.0,0.0,4.0
451,2020-03-15,Georgia,99.0,0.0,1.0
452,2020-03-15,Guam,3.0,0.0,0.0
453,2020-03-15,Hawaii,6.0,0.0,0.0
454,2020-03-15,Idaho,5.0,0.0,0.0
455,2020-03-15,Illinois,93.0,2.0,0.0
456,2020-03-15,Indiana,20.0,0.0,0.0
457,2020-03-15,Iowa,18.0,0.0,0.0
458,2020-03-15,Kansas,8.0,0.0,1.0
459,2020-03-15,Kentucky,20.0,0.0,0.0
460,2020-03-15,Louisiana,91.0,0.0,2.0
461,2020-03-15,Maine,12.0,0.0,0.0
462,2020-03-15,Maryland,32.0,0.0,0.0
463,2020-03-15,Massachusetts,164.0,1.0,0.0
464,2020-03-15,Michigan,33.0,0.0,0.0
465,2020-03-15,Minnesota,35.0,0.0,0.0
466,2020-03-15,Mississippi,10.0,0.0,0.0
467,2020-03-15,Missouri,5.0,0.0,0.0
468,2020-03-15,Montana,7.0,0.0,0.0
469,2020-03-15,Nebraska,17.0,0.0,0.0
470,2020-03-15,Nevada,24.0,0.0,0.0
471,2020-03-15,New Hampshire,13.0,0.0,0.0
472,2020-03-15,New Jersey,98.0,0.0,2.0
473,2020-03-15,New Mexico,13.0,0.0,0.0
474,2020-03-15,New York,732.0,0.0,3.0
475,2020-03-15,North Carolina,33.0,0.0,0.0
476,2020-03-15,North Dakota,1.0,0.0,0.0
477,2020-03-15,Ohio,37.0,0.0,0.0
478,2020-03-15,Oklahoma,7.0,0.0,0.0
479,2020-03-15,Oregon,36.0,0.0,1.0
480,2020-03-15,Pennsylvania,66.0,0.0,0.0
481,2020-03-15,Puerto Rico,5.0,0.0,0.0
482,2020-03-15,Rhode Island,20.0,0.0,0.0
483,2020-03-15,South Carolina,28.0,0.0,0.0
484,2020-03-15,South Dakota,9.0,0.0,1.0
485,2020-03-15,Tennessee,39.0,0.0,0.0
486,2020-03-15,Texas,72.0,0.0,0.0
487,2020-03-15,Utah,28.0,0.0,0.0
488,2020-03-15,Vermont,8.0,0.0,0.0
489,2020-03-15,Virginia,45.0,0.0,1.0
490,2020-03-15,Washington,643.0,1.0,40.0
491,2020-03-15,West Virginia,0.0,0.0,0.0
492,2020-03-15,Wisconsin,32.0,1.0,0.0
493,2020-03-15,Wyoming,3.0,0.0,0.0
494,2020-03-16,Alabama,29.0,0.0,0.0
495,2020-03-16,Alaska,1.0,0.0,0.0
496,2020-03-16,Arizona,18.0,1.0,0.0
497,2020-03-16,Arkansas,22.0,0.0,0.0
498,2020-03-16,California,557.0,6.0,7.0
499,2020-03-16,Colorado,160.0,0.0,1.0
500,2020-03-16,Connecticut,30.0,0.0,0.0
501,2020-03-16,Delaware,8.0,0.0,0.0
502,2020-03-16,District of Columbia,22.0,0.0,0.0
503,2020-03-16,Florida,155.0,0.0,5.0
504,2020-03-16,Georgia,121.0,0.0,1.0
505,2020-03-16,Guam,3.0,0.0,0.0
506,2020-03-16,Hawaii,7.0,0.0,0.0
507,2020-03-16,Idaho,5.0,0.0,0.0
508,2020-03-16,Illinois,105.0,2.0,0.0
509,2020-03-16,Indiana,25.0,0.0,1.0
510,2020-03-16,Iowa,23.0,0.0,0.0
511,2020-03-16,Kansas,11.0,0.0,1.0
512,2020-03-16,Kentucky,21.0,1.0,1.0
513,2020-03-16,Louisiana,136.0,0.0,3.0
514,2020-03-16,Maine,17.0,0.0,0.0
515,2020-03-16,Maryland,41.0,3.0,0.0
516,2020-03-16,Massachusetts,197.0,1.0,0.0
517,2020-03-16,Michigan,53.0,0.0,0.0
518,2020-03-16,Minnesota,54.0,0.0,0.0
519,2020-03-16,Mississippi,13.0,0.0,0.0
520,2020-03-16,Missouri,6.0,0.0,0.0
521,2020-03-16,Montana,7.0,0.0,0.0
522,2020-03-16,Nebraska,18.0,0.0,0.0
523,2020-03-16,Nevada,45.0,0.0,1.0
524,2020-03-16,New Hampshire,17.0,0.0,0.0
525,2020-03-16,New Jersey,178.0,1.0,2.0
526,2020-03-16,New Mexico,17.0,0.0,0.0
527,2020-03-16,New York,967.0,0.0,10.0
528,2020-03-16,North Carolina,38.0,0.0,0.0
529,2020-03-16,North Dakota,1.0,0.0,0.0
530,2020-03-16,Ohio,50.0,0.0,0.0
531,2020-03-16,Oklahoma,10.0,0.0,0.0
532,2020-03-16,Oregon,39.0,0.0,1.0
533,2020-03-16,Pennsylvania,77.0,0.0,0.0
534,2020-03-16,Puerto Rico,5.0,0.0,0.0
535,2020-03-16,Rhode Island,21.0,0.0,0.0
536,2020-03-16,South Carolina,33.0,0.0,1.0
537,2020-03-16,South Dakota,10.0,0.0,1.0
538,2020-03-16,Tennessee,52.0,0.0,0.0
539,2020-03-16,Texas,85.0,0.0,0.0
540,2020-03-16,Utah,39.0,0.0,0.0
541,2020-03-16,Vermont,12.0,0.0,0.0
542,2020-03-16,Virgin Islands,1.0,0.0,0.0
543,2020-03-16,Virginia,49.0,0.0,1.0
544,2020-03-16,Washington,904.0,1.0,48.0
545,2020-03-16,West Virginia,0.0,0.0,0.0
546,2020-03-16,Wisconsin,47.0,1.0,0.0
547,2020-03-16,Wyoming,3.0,0.0,0.0
548,2020-03-17,Alabama,39.0,0.0,0.0
549,2020-03-17,Alaska,3.0,0.0,0.0
550,2020-03-17,Arizona,20.0,1.0,0.0
551,2020-03-17,Arkansas,22.0,0.0,0.0
552,2020-03-17,California,698.0,6.0,12.0
553,2020-03-17,Colorado,160.0,0.0,2.0
554,2020-03-17,Connecticut,68.0,0.0,0.0
555,2020-03-17,Delaware,16.0,0.0,0.0
556,2020-03-17,District of Columbia,22.0,0.0,0.0
557,2020-03-17,Florida,216.0,0.0,6.0
558,2020-03-17,Georgia,146.0,0.0,1.0
559,2020-03-17,Guam,3.0,0.0,0.0
560,2020-03-17,Hawaii,10.0,0.0,0.0
561,2020-03-17,Idaho,8.0,0.0,0.0
562,2020-03-17,Illinois,161.0,2.0,1.0
563,2020-03-17,Indiana,30.0,0.0,2.0
564,2020-03-17,Iowa,23.0,0.0,0.0
565,2020-03-17,Kansas,18.0,0.0,1.0
566,2020-03-17,Kentucky,26.0,1.0,1.0
567,2020-03-17,Louisiana,196.0,0.0,4.0
568,2020-03-17,Maine,32.0,0.0,0.0
569,2020-03-17,Maryland,60.0,3.0,0.0
570,2020-03-17,Massachusetts,218.0,1.0,0.0
571,2020-03-17,Michigan,65.0,0.0,0.0
572,2020-03-17,Minnesota,60.0,0.0,0.0
573,2020-03-17,Mississippi,21.0,0.0,0.0
574,2020-03-17,Missouri,11.0,0.0,0.0
575,2020-03-17,Montana,9.0,0.0,0.0
576,2020-03-17,Nebraska,21.0,0.0,0.0
577,2020-03-17,Nevada,56.0,0.0,1.0
578,2020-03-17,New Hampshire,26.0,0.0,0.0
579,2020-03-17,New Jersey,267.0,1.0,3.0
580,2020-03-17,New Mexico,23.0,0.0,0.0
581,2020-03-17,New York,1706.0,0.0,13.0
582,2020-03-17,North Carolina,64.0,0.0,0.0
583,2020-03-17,North Dakota,3.0,0.0,0.0
584,2020-03-17,Ohio,67.0,0.0,0.0
585,2020-03-17,Oklahoma,19.0,0.0,0.0
586,2020-03-17,Oregon,66.0,0.0,1.0
587,2020-03-17,Pennsylvania,112.0,0.0,0.0
588,2020-03-17,Puerto Rico,5.0,0.0,0.0
589,2020-03-17,Rhode Island,23.0,0.0,0.0
590,2020-03-17,South Carolina,47.0,0.0,1.0
591,2020-03-17,South Dakota,11.0,0.0,1.0
592,2020-03-17,Tennessee,74.0,0.0,0.0
593,2020-03-17,Texas,110.0,0.0,1.0
594,2020-03-17,Utah,51.0,0.0,0.0
595,2020-03-17,Vermont,12.0,0.0,0.0
596,2020-03-17,Virgin Islands,2.0,0.0,0.0
597,2020-03-17,Virginia,67.0,0.0,2.0
598,2020-03-17,Washington,1076.0,1.0,55.0
599,2020-03-17,West Virginia,1.0,0.0,0.0
600,2020-03-17,Wisconsin,72.0,1.0,0.0
601,2020-03-17,Wyoming,11.0,0.0,0.0
602,2020-03-18,Alabama,46.0,0.0,0.0
603,2020-03-18,Alaska,6.0,0.0,0.0
604,2020-03-18,Arizona,27.0,0.0,0.0
605,2020-03-18,Arkansas,33.0,0.0,0.0
606,2020-03-18,California,751.0,0.0,13.0
607,2020-03-18,Colorado,184.0,0.0,2.0
608,2020-03-18,Connecticut,68.0,0.0,0.0
609,2020-03-18,Delaware,19.0,0.0,0.0
610,2020-03-18,District of Columbia,31.0,0.0,0.0
611,2020-03-18,Florida,314.0,0.0,7.0
612,2020-03-18,Georgia,199.0,0.0,3.0
613,2020-03-18,Guam,5.0,0.0,0.0
614,2020-03-18,Hawaii,14.0,0.0,0.0
615,2020-03-18,Idaho,9.0,0.0,0.0
616,2020-03-18,Illinois,162.0,0.0,1.0
617,2020-03-18,Indiana,39.0,0.0,2.0
618,2020-03-18,Iowa,29.0,0.0,0.0
619,2020-03-18,Kansas,18.0,0.0,1.0
620,2020-03-18,Kentucky,27.0,0.0,1.0
621,2020-03-18,Louisiana,257.0,0.0,4.0
622,2020-03-18,Maine,42.0,0.0,0.0
623,2020-03-18,Maryland,85.0,0.0,0.0
624,2020-03-18,Massachusetts,218.0,0.0,0.0
625,2020-03-18,Michigan,83.0,0.0,0.0
626,2020-03-18,Minnesota,77.0,0.0,0.0
627,2020-03-18,Mississippi,34.0,0.0,0.0
628,2020-03-18,Missouri,18.0,0.0,0.0
629,2020-03-18,Montana,11.0,0.0,0.0
630,2020-03-18,Nebraska,24.0,0.0,0.0
631,2020-03-18,Nevada,55.0,0.0,1.0
632,2020-03-18,New Hampshire,26.0,0.0,0.0
633,2020-03-18,New Jersey,267.0,0.0,3.0
634,2020-03-18,New Mexico,23.0,0.0,0.0
635,2020-03-18,New York,2495.0,0.0,16.0
636,2020-03-18,North Carolina,70.0,0.0,0.0
637,2020-03-18,North Dakota,6.0,0.0,0.0
638,2020-03-18,Ohio,86.0,0.0,0.0
639,2020-03-18,Oklahoma,19.0,0.0,0.0
640,2020-03-18,Oregon,68.0,0.0,2.0
641,2020-03-18,Pennsylvania,152.0,0.0,0.0
642,2020-03-18,Puerto Rico,5.0,0.0,0.0
643,2020-03-18,Rhode Island,33.0,0.0,0.0
644,2020-03-18,South Carolina,47.0,0.0,1.0
645,2020-03-18,South Dakota,11.0,0.0,1.0
646,2020-03-18,Tennessee,79.0,0.0,0.0
647,2020-03-18,Texas,173.0,0.0,3.0
648,2020-03-18,US,1.0,106.0,0.0
649,2020-03-18,United States Virgin Islands,2.0,0.0,0.0
650,2020-03-18,Utah,51.0,0.0,0.0
651,2020-03-18,Vermont,18.0,0.0,0.0
652,2020-03-18,Virgin Islands,2.0,0.0,0.0
653,2020-03-18,Virginia,77.0,0.0,2.0
654,2020-03-18,Washington,1014.0,0.0,55.0
655,2020-03-18,West Virginia,1.0,0.0,0.0
656,2020-03-18,Wisconsin,92.0,0.0,0.0
657,2020-03-18,Wyoming,15.0,0.0,0.0
658,2020-03-19,Alabama,78.0,0.0,0.0
659,2020-03-19,Alaska,9.0,0.0,0.0
660,2020-03-19,Arizona,45.0,0.0,0.0
661,2020-03-19,Arkansas,62.0,0.0,0.0
662,2020-03-19,California,952.0,0.0,18.0
663,2020-03-19,Colorado,277.0,0.0,4.0
664,2020-03-19,Connecticut,159.0,0.0,2.0
665,2020-03-19,Delaware,30.0,0.0,0.0
666,2020-03-19,District of Columbia,40.0,0.0,0.0
667,2020-03-19,Florida,417.0,0.0,9.0
668,2020-03-19,Georgia,287.0,0.0,10.0
669,2020-03-19,Guam,12.0,0.0,0.0
670,2020-03-19,Hawaii,16.0,0.0,0.0
671,2020-03-19,Idaho,11.0,0.0,0.0
672,2020-03-19,Illinois,422.0,0.0,4.0
673,2020-03-19,Indiana,60.0,0.0,2.0
674,2020-03-19,Iowa,44.0,0.0,0.0
675,2020-03-19,Kansas,34.0,0.0,1.0
676,2020-03-19,Kentucky,37.0,0.0,2.0
677,2020-03-19,Louisiana,392.0,0.0,10.0
678,2020-03-19,Maine,52.0,0.0,0.0
679,2020-03-19,Maryland,107.0,0.0,1.0
680,2020-03-19,Massachusetts,328.0,0.0,0.0
681,2020-03-19,Michigan,334.0,0.0,3.0
682,2020-03-19,Minnesota,89.0,0.0,0.0
683,2020-03-19,Mississippi,50.0,0.0,1.0
684,2020-03-19,Missouri,31.0,0.0,1.0
685,2020-03-19,Montana,11.0,0.0,0.0
686,2020-03-19,Nebraska,29.0,0.0,0.0
687,2020-03-19,Nevada,95.0,0.0,1.0
688,2020-03-19,New Hampshire,44.0,0.0,0.0
689,2020-03-19,New Jersey,742.0,0.0,9.0
690,2020-03-19,New Mexico,35.0,0.0,0.0
691,2020-03-19,New York,5365.0,0.0,34.0
692,2020-03-19,North Carolina,123.0,0.0,0.0
693,2020-03-19,North Dakota,18.0,0.0,0.0
694,2020-03-19,Ohio,119.0,0.0,0.0
695,2020-03-19,Oklahoma,44.0,0.0,1.0
696,2020-03-19,Oregon,88.0,0.0,3.0
697,2020-03-19,Pennsylvania,206.0,0.0,1.0
698,2020-03-19,Puerto Rico,5.0,0.0,0.0
699,2020-03-19,Rhode Island,44.0,0.0,0.0
700,2020-03-19,South Carolina,81.0,0.0,1.0
701,2020-03-19,South Dakota,11.0,0.0,1.0
702,2020-03-19,Tennessee,154.0,0.0,0.0
703,2020-03-19,Texas,260.0,0.0,5.0
704,2020-03-19,US,1.0,108.0,0.0
705,2020-03-19,United States Virgin Islands,2.0,0.0,0.0
706,2020-03-19,Utah,80.0,0.0,0.0
707,2020-03-19,Vermont,22.0,0.0,0.0
708,2020-03-19,Virgin Islands,3.0,0.0,0.0
709,2020-03-19,Virginia,99.0,0.0,2.0
710,2020-03-19,Washington,1376.0,0.0,74.0
711,2020-03-19,West Virginia,2.0,0.0,0.0
712,2020-03-19,Wisconsin,159.0,0.0,0.0
713,2020-03-19,Wyoming,18.0,0.0,0.0
714,2020-03-20,Alabama,83.0,0.0,0.0
715,2020-03-20,Alaska,12.0,0.0,0.0
716,2020-03-20,Arizona,78.0,0.0,0.0
717,2020-03-20,Arkansas,96.0,0.0,0.0
718,2020-03-20,California,1177.0,0.0,23.0
719,2020-03-20,Colorado,363.0,0.0,4.0
720,2020-03-20,Connecticut,194.0,0.0,3.0
721,2020-03-20,Delaware,38.0,0.0,0.0
722,2020-03-20,District of Columbia,71.0,0.0,1.0
723,2020-03-20,Florida,563.0,0.0,10.0
724,2020-03-20,Georgia,420.0,0.0,13.0
725,2020-03-20,Guam,14.0,0.0,0.0
726,2020-03-20,Hawaii,26.0,0.0,0.0
727,2020-03-20,Idaho,23.0,0.0,0.0
728,2020-03-20,Illinois,585.0,0.0,5.0
729,2020-03-20,Indiana,86.0,0.0,2.0
730,2020-03-20,Iowa,45.0,0.0,0.0
731,2020-03-20,Kansas,44.0,0.0,1.0
732,2020-03-20,Kentucky,47.0,0.0,2.0
733,2020-03-20,Louisiana,538.0,0.0,14.0
734,2020-03-20,Maine,56.0,0.0,0.0
735,2020-03-20,Maryland,149.0,0.0,1.0
736,2020-03-20,Massachusetts,413.0,0.0,1.0
737,2020-03-20,Michigan,552.0,0.0,3.0
738,2020-03-20,Minnesota,115.0,0.0,0.0
739,2020-03-20,Mississippi,80.0,0.0,1.0
740,2020-03-20,Missouri,53.0,0.0,2.0
741,2020-03-20,Montana,15.0,0.0,0.0
742,2020-03-20,Nebraska,37.0,0.0,0.0
743,2020-03-20,Nevada,114.0,0.0,1.0
744,2020-03-20,New Hampshire,44.0,0.0,0.0
745,2020-03-20,New Jersey,890.0,0.0,11.0
746,2020-03-20,New Mexico,43.0,0.0,0.0
747,2020-03-20,New York,8310.0,0.0,42.0
748,2020-03-20,North Carolina,172.0,0.0,0.0
749,2020-03-20,North Dakota,19.0,0.0,0.0
750,2020-03-20,Ohio,173.0,0.0,2.0
751,2020-03-20,Oklahoma,49.0,0.0,1.0
752,2020-03-20,Oregon,114.0,0.0,3.0
753,2020-03-20,Pennsylvania,303.0,0.0,1.0
754,2020-03-20,Puerto Rico,14.0,0.0,0.0
755,2020-03-20,Rhode Island,54.0,0.0,0.0
756,2020-03-20,South Carolina,126.0,0.0,1.0
757,2020-03-20,South Dakota,14.0,0.0,1.0
758,2020-03-20,Tennessee,233.0,0.0,0.0
759,2020-03-20,Texas,394.0,0.0,5.0
760,2020-03-20,US,1.0,147.0,0.0
761,2020-03-20,United States Virgin Islands,3.0,0.0,0.0
762,2020-03-20,Utah,78.0,0.0,0.0
763,2020-03-20,Vermont,29.0,0.0,2.0
764,2020-03-20,Virginia,122.0,0.0,2.0
765,2020-03-20,Washington,1524.0,0.0,83.0
766,2020-03-20,West Virginia,7.0,0.0,0.0
767,2020-03-20,Wisconsin,207.0,0.0,3.0
768,2020-03-20,Wyoming,19.0,0.0,0.0
769,2020-03-21,Alabama,131.0,0.0,0.0
770,2020-03-21,Alaska,15.0,0.0,0.0
771,2020-03-21,Arizona,118.0,0.0,1.0
772,2020-03-21,Arkansas,122.0,0.0,0.0
773,2020-03-21,California,1364.0,0.0,24.0
774,2020-03-21,Colorado,390.0,0.0,4.0
775,2020-03-21,Connecticut,194.0,0.0,4.0
776,2020-03-21,Delaware,45.0,0.0,0.0
777,2020-03-21,District of Columbia,77.0,0.0,1.0
778,2020-03-21,Florida,659.0,0.0,13.0
779,2020-03-21,Georgia,507.0,0.0,14.0
780,2020-03-21,Guam,15.0,0.0,0.0
781,2020-03-21,Hawaii,37.0,0.0,0.0
782,2020-03-21,Idaho,36.0,0.0,0.0
783,2020-03-21,Illinois,753.0,0.0,6.0
784,2020-03-21,Indiana,128.0,0.0,4.0
785,2020-03-21,Iowa,68.0,0.0,0.0
786,2020-03-21,Kansas,57.0,0.0,2.0
787,2020-03-21,Kentucky,87.0,0.0,3.0
788,2020-03-21,Louisiana,585.0,0.0,16.0
789,2020-03-21,Maine,70.0,0.0,0.0
790,2020-03-21,Maryland,193.0,0.0,2.0
791,2020-03-21,Massachusetts,525.0,0.0,1.0
792,2020-03-21,Michigan,788.0,0.0,5.0
793,2020-03-21,Minnesota,138.0,0.0,1.0
794,2020-03-21,Mississippi,140.0,0.0,1.0
795,2020-03-21,Missouri,74.0,0.0,3.0
796,2020-03-21,Montana,21.0,0.0,0.0
797,2020-03-21,Nebraska,38.0,0.0,0.0
798,2020-03-21,Nevada,161.0,0.0,2.0
799,2020-03-21,New Hampshire,55.0,0.0,0.0
800,2020-03-21,New Jersey,1327.0,0.0,16.0
801,2020-03-21,New Mexico,43.0,0.0,0.0
802,2020-03-21,New York,11710.0,0.0,60.0
803,2020-03-21,North Carolina,253.0,0.0,0.0
804,2020-03-21,North Dakota,28.0,0.0,0.0
805,2020-03-21,Ohio,248.0,0.0,3.0
806,2020-03-21,Oklahoma,53.0,0.0,1.0
807,2020-03-21,Oregon,114.0,0.0,5.0
808,2020-03-21,Pennsylvania,396.0,0.0,2.0
809,2020-03-21,Puerto Rico,21.0,0.0,1.0
810,2020-03-21,Rhode Island,66.0,0.0,0.0
811,2020-03-21,South Carolina,171.0,0.0,3.0
812,2020-03-21,South Dakota,14.0,0.0,1.0
813,2020-03-21,Tennessee,371.0,0.0,1.0
814,2020-03-21,Texas,581.0,0.0,5.0
815,2020-03-21,US,1.0,171.0,0.0
816,2020-03-21,United States Virgin Islands,6.0,0.0,0.0
817,2020-03-21,Utah,136.0,0.0,0.0
818,2020-03-21,Vermont,29.0,0.0,2.0
819,2020-03-21,Virginia,156.0,0.0,2.0
820,2020-03-21,Washington,1793.0,0.0,94.0
821,2020-03-21,West Virginia,8.0,0.0,0.0
822,2020-03-21,Wisconsin,282.0,0.0,4.0
823,2020-03-21,Wyoming,23.0,0.0,0.0
824,2020-03-22,Alabama,138.0,0.0,0.0
825,2020-03-22,Alaska,21.0,0.0,0.0
826,2020-03-22,Arizona,152.0,0.0,2.0
827,2020-03-22,Arkansas,165.0,0.0,0.0
828,2020-03-22,California,1642.0,0.0,30.0
829,2020-03-22,Colorado,476.0,0.0,6.0
830,2020-03-22,Connecticut,223.0,0.0,5.0
831,2020-03-22,Delaware,47.0,0.0,0.0
832,2020-03-22,District of Columbia,102.0,0.0,2.0
833,2020-03-22,Florida,830.0,0.0,13.0
834,2020-03-22,Georgia,600.0,0.0,23.0
835,2020-03-22,Guam,27.0,0.0,1.0
836,2020-03-22,Hawaii,48.0,0.0,0.0
837,2020-03-22,Idaho,42.0,0.0,0.0
838,2020-03-22,Illinois,1049.0,0.0,9.0
839,2020-03-22,Indiana,201.0,0.0,6.0
840,2020-03-22,Iowa,90.0,0.0,0.0
841,2020-03-22,Kansas,64.0,0.0,2.0
842,2020-03-22,Kentucky,99.0,0.0,3.0
843,2020-03-22,Louisiana,837.0,0.0,20.0
844,2020-03-22,Maine,89.0,0.0,0.0
845,2020-03-22,Maryland,244.0,0.0,3.0
846,2020-03-22,Massachusetts,646.0,0.0,5.0
847,2020-03-22,Michigan,1037.0,0.0,9.0
848,2020-03-22,Minnesota,169.0,0.0,1.0
849,2020-03-22,Mississippi,207.0,0.0,1.0
850,2020-03-22,Missouri,100.0,0.0,3.0
851,2020-03-22,Montana,31.0,0.0,0.0
852,2020-03-22,Nebraska,51.0,0.0,0.0
853,2020-03-22,Nevada,190.0,0.0,2.0
854,2020-03-22,New Hampshire,65.0,0.0,0.0
855,2020-03-22,New Jersey,1914.0,0.0,20.0
856,2020-03-22,New Mexico,57.0,0.0,0.0
857,2020-03-22,New York,15793.0,0.0,117.0
858,2020-03-22,North Carolina,302.0,0.0,0.0
859,2020-03-22,North Dakota,28.0,0.0,0.0
860,2020-03-22,Ohio,355.0,0.0,3.0
861,2020-03-22,Oklahoma,67.0,0.0,2.0
862,2020-03-22,Oregon,161.0,0.0,4.0
863,2020-03-22,Pennsylvania,509.0,0.0,3.0
864,2020-03-22,Puerto Rico,23.0,0.0,1.0
865,2020-03-22,Rhode Island,83.0,0.0,0.0
866,2020-03-22,South Carolina,196.0,0.0,3.0
867,2020-03-22,South Dakota,21.0,0.0,1.0
868,2020-03-22,Tennessee,505.0,0.0,2.0
869,2020-03-22,Texas,627.0,0.0,6.0
870,2020-03-22,US,1.0,178.0,0.0
871,2020-03-22,United States Virgin Islands,6.0,0.0,0.0
872,2020-03-22,Utah,181.0,0.0,1.0
873,2020-03-22,Vermont,52.0,0.0,2.0
874,2020-03-22,Virginia,221.0,0.0,6.0
875,2020-03-22,Washington,1996.0,0.0,95.0
876,2020-03-22,West Virginia,12.0,0.0,0.0
877,2020-03-22,Wisconsin,381.0,0.0,4.0
878,2020-03-22,Wyoming,24.0,0.0,0.0
